scenario,role,route,control type,label,destination,disabled,evidence
public-artist-sign-up,public,/signup?role=artist,A,tattoi,/dashboard,False,Rendered in isolated fixture; see input/tab checks and focused outcomes
public-artist-sign-up,public,/signup?role=artist,A,For artists,/signup?role=artist,False,Rendered in isolated fixture; see input/tab checks and focused outcomes
public-artist-sign-up,public,/signup?role=artist,A,Client,/signup?role=client,False,Rendered in isolated fixture; see input/tab checks and focused outcomes
public-artist-sign-up,public,/signup?role=artist,A,Artist,/signup?role=artist,False,Rendered in isolated fixture; see input/tab checks and focused outcomes
public-artist-sign-up,public,/signup?role=artist,A,Supplier,/signup?role=supplier,False,Rendered in isolated fixture; see input/tab checks and focused outcomes
public-artist-sign-up,public,/signup?role=artist,INPUT,Full name,,False,Rendered in isolated fixture; see input/tab checks and focused outcomes
public-artist-sign-up,public,/signup?role=artist,email,Email address,,False,Rendered in isolated fixture; see input/tab checks and focused outcomes
public-artist-sign-up,public,/signup?role=artist,password,Create password,,False,Rendered in isolated fixture; see input/tab checks and focused outcomes
public-artist-sign-up,public,/signup?role=artist,button,Show password,,False,Rendered in isolated fixture; see input/tab checks and focused outcomes
public-artist-sign-up,public,/signup?role=artist,submit,Create account,,False,Rendered in isolated fixture; see input/tab checks and focused outcomes
public-artist-sign-up,public,/signup?role=artist,A,Sign in,/login,False,Rendered in isolated fixture; see input/tab checks and focused outcomes
public-client-sign-up,public,/signup,A,tattoi,/dashboard,False,Rendered in isolated fixture; see input/tab checks and focused outcomes
public-client-sign-up,public,/signup,A,For artists,/signup?role=artist,False,Rendered in isolated fixture; see input/tab checks and focused outcomes
public-client-sign-up,public,/signup,A,Client,/signup?role=client,False,Rendered in isolated fixture; see input/tab checks and focused outcomes
public-client-sign-up,public,/signup,A,Artist,/signup?role=artist,False,Rendered in isolated fixture; see input/tab checks and focused outcomes
public-client-sign-up,public,/signup,A,Supplier,/signup?role=supplier,False,Rendered in isolated fixture; see input/tab checks and focused outcomes
public-client-sign-up,public,/signup,INPUT,Full name,,False,Rendered in isolated fixture; see input/tab checks and focused outcomes
public-client-sign-up,public,/signup,email,Email address,,False,Rendered in isolated fixture; see input/tab checks and focused outcomes
public-client-sign-up,public,/signup,password,Create password,,False,Rendered in isolated fixture; see input/tab checks and focused outcomes
public-client-sign-up,public,/signup,button,Show password,,False,Rendered in isolated fixture; see input/tab checks and focused outcomes
public-client-sign-up,public,/signup,submit,Create account,,False,Rendered in isolated fixture; see input/tab checks and focused outcomes
public-client-sign-up,public,/signup,A,Sign in,/login,False,Rendered in isolated fixture; see input/tab checks and focused outcomes
public-sign-in,public,/login,A,tattoi,/dashboard,False,Rendered in isolated fixture; see input/tab checks and focused outcomes
public-sign-in,public,/login,A,For artists,/signup?role=artist,False,Rendered in isolated fixture; see input/tab checks and focused outcomes
public-sign-in,public,/login,email,Email address,,False,Rendered in isolated fixture; see input/tab checks and focused outcomes
public-sign-in,public,/login,password,Password,,False,Rendered in isolated fixture; see input/tab checks and focused outcomes
public-sign-in,public,/login,button,Show password,,False,Rendered in isolated fixture; see input/tab checks and focused outcomes
public-sign-in,public,/login,A,Forgot password?,/forgot-password,False,Rendered in isolated fixture; see input/tab checks and focused outcomes
public-sign-in,public,/login,checkbox,Keep me signed in,,False,Rendered in isolated fixture; see input/tab checks and focused outcomes
public-sign-in,public,/login,submit,Sign in,,False,Rendered in isolated fixture; see input/tab checks and focused outcomes
public-sign-in,public,/login,A,Create an account,/signup,False,Rendered in isolated fixture; see input/tab checks and focused outcomes
public-supplier-sign-up,public,/signup?role=merchant,A,tattoi,/dashboard,False,Rendered in isolated fixture; see input/tab checks and focused outcomes
public-supplier-sign-up,public,/signup?role=merchant,A,For artists,/signup?role=artist,False,Rendered in isolated fixture; see input/tab checks and focused outcomes
public-supplier-sign-up,public,/signup?role=merchant,A,Client,/signup?role=client,False,Rendered in isolated fixture; see input/tab checks and focused outcomes
public-supplier-sign-up,public,/signup?role=merchant,A,Artist,/signup?role=artist,False,Rendered in isolated fixture; see input/tab checks and focused outcomes
public-supplier-sign-up,public,/signup?role=merchant,A,Supplier,/signup?role=supplier,False,Rendered in isolated fixture; see input/tab checks and focused outcomes
public-supplier-sign-up,public,/signup?role=merchant,INPUT,Full name,,False,Rendered in isolated fixture; see input/tab checks and focused outcomes
public-supplier-sign-up,public,/signup?role=merchant,email,Email address,,False,Rendered in isolated fixture; see input/tab checks and focused outcomes
public-supplier-sign-up,public,/signup?role=merchant,INPUT,Business name,,False,Rendered in isolated fixture; see input/tab checks and focused outcomes
public-supplier-sign-up,public,/signup?role=merchant,SELECT,Business country,,False,Rendered in isolated fixture; see input/tab checks and focused outcomes
public-supplier-sign-up,public,/signup?role=merchant,password,Create password,,False,Rendered in isolated fixture; see input/tab checks and focused outcomes
public-supplier-sign-up,public,/signup?role=merchant,button,Show password,,False,Rendered in isolated fixture; see input/tab checks and focused outcomes
public-supplier-sign-up,public,/signup?role=merchant,submit,Create account,,False,Rendered in isolated fixture; see input/tab checks and focused outcomes
public-supplier-sign-up,public,/signup?role=merchant,A,Sign in,/login,False,Rendered in isolated fixture; see input/tab checks and focused outcomes
public-password-recovery,public,/forgot-password,A,tattoi,/dashboard,False,Rendered in isolated fixture; see input/tab checks and focused outcomes
public-password-recovery,public,/forgot-password,A,For artists,/signup?role=artist,False,Rendered in isolated fixture; see input/tab checks and focused outcomes
public-password-recovery,public,/forgot-password,email,Email address,,False,Rendered in isolated fixture; see input/tab checks and focused outcomes
public-password-recovery,public,/forgot-password,submit,Send reset link,,False,Rendered in isolated fixture; see input/tab checks and focused outcomes
public-password-recovery,public,/forgot-password,A,Back to sign in,/login,False,Rendered in isolated fixture; see input/tab checks and focused outcomes
public-set-password,public,/set-password?token=preview,A,tattoi,/dashboard,False,Rendered in isolated fixture; see input/tab checks and focused outcomes
public-set-password,public,/set-password?token=preview,A,For artists,/signup?role=artist,False,Rendered in isolated fixture; see input/tab checks and focused outcomes
public-set-password,public,/set-password?token=preview,password,New password,,False,Rendered in isolated fixture; see input/tab checks and focused outcomes
public-set-password,public,/set-password?token=preview,button,Show password,,False,Rendered in isolated fixture; see input/tab checks and focused outcomes
public-set-password,public,/set-password?token=preview,submit,Save new password,,False,Rendered in isolated fixture; see input/tab checks and focused outcomes
public-set-password,public,/set-password?token=preview,A,Request a new link,/forgot-password,False,Rendered in isolated fixture; see input/tab checks and focused outcomes
public-magic-link,public,/auth/magic?token=preview,A,tattoi,/dashboard,False,Rendered in isolated fixture; see input/tab checks and focused outcomes
public-magic-link,public,/auth/magic?token=preview,A,For artists,/signup?role=artist,False,Rendered in isolated fixture; see input/tab checks and focused outcomes
public-magic-link,public,/auth/magic?token=preview,button,Continue to my account,,False,Rendered in isolated fixture; see input/tab checks and focused outcomes
public-magic-link,public,/auth/magic?token=preview,A,Back to sign in,/login,False,Rendered in isolated fixture; see input/tab checks and focused outcomes
public-public-artist,public,/ella-morgan,A,tattoi,/dashboard,False,Rendered in isolated fixture; see input/tab checks and focused outcomes
public-public-artist,public,/ella-morgan,A,Sign in,/login,False,Rendered in isolated fixture; see input/tab checks and focused outcomes
public-public-artist,public,/ella-morgan,A,Selected work by Ella Morgan,/__ivory_artwork.png,False,Rendered in isolated fixture; see input/tab checks and focused outcomes
public-public-artist,public,/ella-morgan,button,Request a booking,,False,Rendered in isolated fixture; see input/tab checks and focused outcomes
public-public-artist,public,/ella-morgan,A,Shopfront,/shop/ella-morgan,False,Rendered in isolated fixture; see input/tab checks and focused outcomes
public-public-artist,public,/ella-morgan,A,,/__ivory_artwork.png,False,Rendered in isolated fixture; see input/tab checks and focused outcomes
public-public-studio,public,/studio/northside,A,tattoi,/dashboard,False,Rendered in isolated fixture; see input/tab checks and focused outcomes
public-public-studio,public,/studio/northside,A,Sign in,/login,False,Rendered in isolated fixture; see input/tab checks and focused outcomes
public-public-studio,public,/studio/northside,A,"EM
Ella Morgan
Fine-line botanicals. Thoughtfully made, just for you.",/start/ella-morgan,False,Rendered in isolated fixture; see input/tab checks and focused outcomes
public-booking-intake,public,/start/ella-morgan,TEXTAREA,What would you like tattooed?,,False,Rendered in isolated fixture; see input/tab checks and focused outcomes
public-booking-intake,public,/start/ella-morgan,checkbox,Traditional,,False,Rendered in isolated fixture; see input/tab checks and focused outcomes
public-booking-intake,public,/start/ella-morgan,checkbox,Neo-Traditional,,False,Rendered in isolated fixture; see input/tab checks and focused outcomes
public-booking-intake,public,/start/ella-morgan,checkbox,Realism,,False,Rendered in isolated fixture; see input/tab checks and focused outcomes
public-booking-intake,public,/start/ella-morgan,checkbox,Black & Grey,,False,Rendered in isolated fixture; see input/tab checks and focused outcomes
public-booking-intake,public,/start/ella-morgan,checkbox,Japanese,,False,Rendered in isolated fixture; see input/tab checks and focused outcomes
public-booking-intake,public,/start/ella-morgan,checkbox,Geometric,,False,Rendered in isolated fixture; see input/tab checks and focused outcomes
public-booking-intake,public,/start/ella-morgan,checkbox,Watercolour,,False,Rendered in isolated fixture; see input/tab checks and focused outcomes
public-booking-intake,public,/start/ella-morgan,checkbox,Minimalist,,False,Rendered in isolated fixture; see input/tab checks and focused outcomes
public-booking-intake,public,/start/ella-morgan,checkbox,Dotwork,,False,Rendered in isolated fixture; see input/tab checks and focused outcomes
public-booking-intake,public,/start/ella-morgan,checkbox,Tribal,,False,Rendered in isolated fixture; see input/tab checks and focused outcomes
public-booking-intake,public,/start/ella-morgan,checkbox,Script/Lettering,,False,Rendered in isolated fixture; see input/tab checks and focused outcomes
public-booking-intake,public,/start/ella-morgan,checkbox,Illustrative,,False,Rendered in isolated fixture; see input/tab checks and focused outcomes
public-booking-intake,public,/start/ella-morgan,checkbox,Surrealism,,False,Rendered in isolated fixture; see input/tab checks and focused outcomes
public-booking-intake,public,/start/ella-morgan,checkbox,Trash Polka,,False,Rendered in isolated fixture; see input/tab checks and focused outcomes
public-booking-intake,public,/start/ella-morgan,checkbox,Fine Line,,False,Rendered in isolated fixture; see input/tab checks and focused outcomes
public-booking-intake,public,/start/ella-morgan,checkbox,Other,,False,Rendered in isolated fixture; see input/tab checks and focused outcomes
public-booking-intake,public,/start/ella-morgan,checkbox,Not sure yet,,False,Rendered in isolated fixture; see input/tab checks and focused outcomes
public-booking-intake,public,/start/ella-morgan,submit,Continue,,False,Rendered in isolated fixture; see input/tab checks and focused outcomes
public-booking-intake,public,/start/ella-morgan,button,Close,,False,Rendered in isolated fixture; see input/tab checks and focused outcomes
public-public-shop,public,/shop/ella-morgan,A,Back,/ella-morgan,False,Rendered in isolated fixture; see input/tab checks and focused outcomes
public-public-shop,public,/shop/ella-morgan,button,Cart · 0,,False,Rendered in isolated fixture; see input/tab checks and focused outcomes
public-public-shop,public,/shop/ella-morgan,tab,All products,,False,Rendered in isolated fixture; see input/tab checks and focused outcomes
public-public-shop,public,/shop/ella-morgan,tab,In stock,,False,Rendered in isolated fixture; see input/tab checks and focused outcomes
public-public-shop,public,/shop/ella-morgan,search,Search this store,,False,Rendered in isolated fixture; see input/tab checks and focused outcomes
public-public-shop,public,/shop/ella-morgan,button,View Botanical art print,,False,Rendered in isolated fixture; see input/tab checks and focused outcomes
public-public-events,public,/events/ella-morgan,A,Back,/ella-morgan,False,Rendered in isolated fixture; see input/tab checks and focused outcomes
public-public-events,public,/events/ella-morgan,A,Your business,/business,False,Rendered in isolated fixture; see input/tab checks and focused outcomes
public-booking-link,public,/book/ella-morgan,TEXTAREA,What would you like tattooed?,,False,Rendered in isolated fixture; see input/tab checks and focused outcomes
public-booking-link,public,/book/ella-morgan,checkbox,Traditional,,False,Rendered in isolated fixture; see input/tab checks and focused outcomes
public-booking-link,public,/book/ella-morgan,checkbox,Neo-Traditional,,False,Rendered in isolated fixture; see input/tab checks and focused outcomes
public-booking-link,public,/book/ella-morgan,checkbox,Realism,,False,Rendered in isolated fixture; see input/tab checks and focused outcomes
public-booking-link,public,/book/ella-morgan,checkbox,Black & Grey,,False,Rendered in isolated fixture; see input/tab checks and focused outcomes
public-booking-link,public,/book/ella-morgan,checkbox,Japanese,,False,Rendered in isolated fixture; see input/tab checks and focused outcomes
public-booking-link,public,/book/ella-morgan,checkbox,Geometric,,False,Rendered in isolated fixture; see input/tab checks and focused outcomes
public-booking-link,public,/book/ella-morgan,checkbox,Watercolour,,False,Rendered in isolated fixture; see input/tab checks and focused outcomes
public-booking-link,public,/book/ella-morgan,checkbox,Minimalist,,False,Rendered in isolated fixture; see input/tab checks and focused outcomes
public-booking-link,public,/book/ella-morgan,checkbox,Dotwork,,False,Rendered in isolated fixture; see input/tab checks and focused outcomes
public-booking-link,public,/book/ella-morgan,checkbox,Tribal,,False,Rendered in isolated fixture; see input/tab checks and focused outcomes
public-booking-link,public,/book/ella-morgan,checkbox,Script/Lettering,,False,Rendered in isolated fixture; see input/tab checks and focused outcomes
public-booking-link,public,/book/ella-morgan,checkbox,Illustrative,,False,Rendered in isolated fixture; see input/tab checks and focused outcomes
public-booking-link,public,/book/ella-morgan,checkbox,Surrealism,,False,Rendered in isolated fixture; see input/tab checks and focused outcomes
public-booking-link,public,/book/ella-morgan,checkbox,Trash Polka,,False,Rendered in isolated fixture; see input/tab checks and focused outcomes
public-booking-link,public,/book/ella-morgan,checkbox,Fine Line,,False,Rendered in isolated fixture; see input/tab checks and focused outcomes
public-booking-link,public,/book/ella-morgan,checkbox,Other,,False,Rendered in isolated fixture; see input/tab checks and focused outcomes
public-booking-link,public,/book/ella-morgan,checkbox,Not sure yet,,False,Rendered in isolated fixture; see input/tab checks and focused outcomes
public-booking-link,public,/book/ella-morgan,submit,Continue,,False,Rendered in isolated fixture; see input/tab checks and focused outcomes
public-booking-link,public,/book/ella-morgan,button,Close,,False,Rendered in isolated fixture; see input/tab checks and focused outcomes
public-deposit-link,public,/deposit/preview,A,tattoi,/dashboard,False,Rendered in isolated fixture; see input/tab checks and focused outcomes
public-deposit-link,public,/deposit/preview,A,Sign in,/login,False,Rendered in isolated fixture; see input/tab checks and focused outcomes
public-deposit-link,public,/deposit/preview,button,Pay securely by card,,False,Rendered in isolated fixture; see input/tab checks and focused outcomes
public-balance-link,public,/balance/101,A,tattoi,/dashboard,False,Rendered in isolated fixture; see input/tab checks and focused outcomes
public-balance-link,public,/balance/101,A,Sign in,/login,False,Rendered in isolated fixture; see input/tab checks and focused outcomes
public-balance-link,public,/balance/101,button,Pay securely by card,,False,Rendered in isolated fixture; see input/tab checks and focused outcomes
public-payment-request,public,/pay/preview,A,tattoi,/dashboard,False,Rendered in isolated fixture; see input/tab checks and focused outcomes
public-payment-request,public,/pay/preview,A,Sign in,/login,False,Rendered in isolated fixture; see input/tab checks and focused outcomes
public-payment-request,public,/pay/preview,button,Continue to secure checkout,,False,Rendered in isolated fixture; see input/tab checks and focused outcomes
client-discover,client,/discover,button,Your profile,,False,Rendered in isolated fixture; see input/tab checks and focused outcomes
client-discover,client,/discover,BUTTON,Discover artists,,False,Rendered in isolated fixture; see input/tab checks and focused outcomes
client-discover,client,/discover,BUTTON,Your artists and bookings,,False,Rendered in isolated fixture; see input/tab checks and focused outcomes
client-discover,client,/discover,button,View artwork by Ella Morgan,,False,Rendered in isolated fixture; see input/tab checks and focused outcomes
client-discover,client,/discover,BUTTON,View artist,,False,Rendered in isolated fixture; see input/tab checks and focused outcomes
client-discover,client,/discover,BUTTON,Like artwork,,False,Rendered in isolated fixture; see input/tab checks and focused outcomes
client-discover,client,/discover,BUTTON,Share artwork,,False,Rendered in isolated fixture; see input/tab checks and focused outcomes
client-discover,client,/discover,A,Discover,/discover,False,Rendered in isolated fixture; see input/tab checks and focused outcomes
client-discover,client,/discover,A,"2
Messages",/conversations,False,Rendered in isolated fixture; see input/tab checks and focused outcomes
client-discover,client,/discover,A,Bookings,/bookings,False,Rendered in isolated fixture; see input/tab checks and focused outcomes
client-discover,client,/discover,A,Profile,/profile,False,Rendered in isolated fixture; see input/tab checks and focused outcomes
client-bookings,client,/bookings,A,tattoi,/bookings,False,Rendered in isolated fixture; see input/tab checks and focused outcomes
client-bookings,client,/bookings,A,Your profile,/profile,False,Rendered in isolated fixture; see input/tab checks and focused outcomes
client-bookings,client,/bookings,tab,Upcoming,,False,Rendered in isolated fixture; see input/tab checks and focused outcomes
client-bookings,client,/bookings,tab,Past,,False,Rendered in isolated fixture; see input/tab checks and focused outcomes
client-bookings,client,/bookings,button,Review $155.10 deposit & fee,,False,Rendered in isolated fixture; see input/tab checks and focused outcomes
client-bookings,client,/bookings,A,Complete sitting 2 forms,/projects/12?session=101&action=forms,False,Rendered in isolated fixture; see input/tab checks and focused outcomes
client-bookings,client,/bookings,A,"Sitting 2 · Confirmed
Thu, 10 Sept, 10:00 am",/projects/12?session=101,False,Rendered in isolated fixture; see input/tab checks and focused outcomes
client-bookings,client,/bookings,A,Message Ella Morgan,/chat/12,False,Rendered in isolated fixture; see input/tab checks and focused outcomes
client-bookings,client,/bookings,SUMMARY,More options,,False,Rendered in isolated fixture; see input/tab checks and focused outcomes
client-bookings,client,/bookings,A,,/waitlist,False,Rendered in isolated fixture; see input/tab checks and focused outcomes
client-bookings,client,/bookings,A,,/purchases,False,Rendered in isolated fixture; see input/tab checks and focused outcomes
client-bookings,client,/bookings,A,,/discover,False,Rendered in isolated fixture; see input/tab checks and focused outcomes
client-bookings,client,/bookings,A,Discover,/discover,False,Rendered in isolated fixture; see input/tab checks and focused outcomes
client-bookings,client,/bookings,A,"2
Messages",/conversations,False,Rendered in isolated fixture; see input/tab checks and focused outcomes
client-bookings,client,/bookings,A,Bookings,/bookings,False,Rendered in isolated fixture; see input/tab checks and focused outcomes
client-bookings,client,/bookings,A,Profile,/profile,False,Rendered in isolated fixture; see input/tab checks and focused outcomes
client-booking-overview,client,/projects/12,A,Back,/bookings,False,Rendered in isolated fixture; see input/tab checks and focused outcomes
client-booking-overview,client,/projects/12,A,Your profile,/profile,False,Rendered in isolated fixture; see input/tab checks and focused outcomes
client-booking-overview,client,/projects/12,tab,Overview,,False,Rendered in isolated fixture; see input/tab checks and focused outcomes
client-booking-overview,client,/projects/12,tab,Messages,,False,Rendered in isolated fixture; see input/tab checks and focused outcomes
client-booking-overview,client,/projects/12,tab,Files,,False,Rendered in isolated fixture; see input/tab checks and focused outcomes
client-booking-overview,client,/projects/12,tab,Payments,,False,Rendered in isolated fixture; see input/tab checks and focused outcomes
client-booking-overview,client,/projects/12,button,"Payment received
$150.00",,False,Rendered in isolated fixture; see input/tab checks and focused outcomes
client-booking-overview,client,/projects/12,button,"Procedure consent
Awaiting confirmation",,False,Rendered in isolated fixture; see input/tab checks and focused outcomes
client-booking-overview,client,/projects/12,button,Complete your consent forms,,False,Rendered in isolated fixture; see input/tab checks and focused outcomes
client-booking-overview,client,/projects/12,button,Review balance,,False,Rendered in isolated fixture; see input/tab checks and focused outcomes
client-booking-overview,client,/projects/12,A,Message Ella Morgan,/projects/12?session=101&view=Messages,False,Rendered in isolated fixture; see input/tab checks and focused outcomes
client-booking-overview,client,/projects/12,button,Request a date change,,False,Rendered in isolated fixture; see input/tab checks and focused outcomes
client-booking-overview,client,/projects/12,button,Request cancellation,,False,Rendered in isolated fixture; see input/tab checks and focused outcomes
client-booking-overview,client,/projects/12,SUMMARY,Want an earlier appointment?,,False,Rendered in isolated fixture; see input/tab checks and focused outcomes
client-booking-overview,client,/projects/12,button,,,False,Rendered in isolated fixture; see input/tab checks and focused outcomes
client-booking-overview,client,/projects/12,A,Discover,/discover,False,Rendered in isolated fixture; see input/tab checks and focused outcomes
client-booking-overview,client,/projects/12,A,"2
Messages",/conversations,False,Rendered in isolated fixture; see input/tab checks and focused outcomes
client-booking-overview,client,/projects/12,A,Bookings,/bookings,False,Rendered in isolated fixture; see input/tab checks and focused outcomes
client-booking-overview,client,/projects/12,A,Profile,/profile,False,Rendered in isolated fixture; see input/tab checks and focused outcomes
client-booking-messages,client,/projects/12?view=Messages,A,Back,/bookings,False,Rendered in isolated fixture; see input/tab checks and focused outcomes
client-booking-messages,client,/projects/12?view=Messages,A,Your profile,/profile,False,Rendered in isolated fixture; see input/tab checks and focused outcomes
client-booking-messages,client,/projects/12?view=Messages,tab,Overview,,False,Rendered in isolated fixture; see input/tab checks and focused outcomes
client-booking-messages,client,/projects/12?view=Messages,tab,Messages,,False,Rendered in isolated fixture; see input/tab checks and focused outcomes
client-booking-messages,client,/projects/12?view=Messages,tab,Files,,False,Rendered in isolated fixture; see input/tab checks and focused outcomes
client-booking-messages,client,/projects/12?view=Messages,tab,Payments,,False,Rendered in isolated fixture; see input/tab checks and focused outcomes
client-booking-messages,client,/projects/12?view=Messages,A,All conversations,/conversations,False,Rendered in isolated fixture; see input/tab checks and focused outcomes
client-booking-messages,client,/projects/12?view=Messages,A,Open booking,/projects/12,False,Rendered in isolated fixture; see input/tab checks and focused outcomes
client-booking-messages,client,/projects/12?view=Messages,button,Attach photo,,False,Rendered in isolated fixture; see input/tab checks and focused outcomes
client-booking-messages,client,/projects/12?view=Messages,TEXTAREA,Message,,False,Rendered in isolated fixture; see input/tab checks and focused outcomes
client-booking-messages,client,/projects/12?view=Messages,submit,Send message,,True,Rendered in isolated fixture; see input/tab checks and focused outcomes
client-booking-messages,client,/projects/12?view=Messages,A,Discover,/discover,False,Rendered in isolated fixture; see input/tab checks and focused outcomes
client-booking-messages,client,/projects/12?view=Messages,A,"2
Messages",/conversations,False,Rendered in isolated fixture; see input/tab checks and focused outcomes
client-booking-messages,client,/projects/12?view=Messages,A,Bookings,/bookings,False,Rendered in isolated fixture; see input/tab checks and focused outcomes
client-booking-messages,client,/projects/12?view=Messages,A,Profile,/profile,False,Rendered in isolated fixture; see input/tab checks and focused outcomes
client-booking-files,client,/projects/12?view=Files,A,Back,/bookings,False,Rendered in isolated fixture; see input/tab checks and focused outcomes
client-booking-files,client,/projects/12?view=Files,A,Your profile,/profile,False,Rendered in isolated fixture; see input/tab checks and focused outcomes
client-booking-files,client,/projects/12?view=Files,tab,Overview,,False,Rendered in isolated fixture; see input/tab checks and focused outcomes
client-booking-files,client,/projects/12?view=Files,tab,Messages,,False,Rendered in isolated fixture; see input/tab checks and focused outcomes
client-booking-files,client,/projects/12?view=Files,tab,Files,,False,Rendered in isolated fixture; see input/tab checks and focused outcomes
client-booking-files,client,/projects/12?view=Files,tab,Payments,,False,Rendered in isolated fixture; see input/tab checks and focused outcomes
client-booking-files,client,/projects/12?view=Files,SUMMARY,Older conversation references · unassigned,,False,Rendered in isolated fixture; see input/tab checks and focused outcomes
client-booking-files,client,/projects/12?view=Files,A,Share photos in Messages,/projects/12?session=101&view=Messages,False,Rendered in isolated fixture; see input/tab checks and focused outcomes
client-booking-files,client,/projects/12?view=Files,A,Discover,/discover,False,Rendered in isolated fixture; see input/tab checks and focused outcomes
client-booking-files,client,/projects/12?view=Files,A,"2
Messages",/conversations,False,Rendered in isolated fixture; see input/tab checks and focused outcomes
client-booking-files,client,/projects/12?view=Files,A,Bookings,/bookings,False,Rendered in isolated fixture; see input/tab checks and focused outcomes
client-booking-files,client,/projects/12?view=Files,A,Profile,/profile,False,Rendered in isolated fixture; see input/tab checks and focused outcomes
client-booking-payments,client,/projects/12?view=Payments,A,Back,/bookings,False,Rendered in isolated fixture; see input/tab checks and focused outcomes
client-booking-payments,client,/projects/12?view=Payments,A,Your profile,/profile,False,Rendered in isolated fixture; see input/tab checks and focused outcomes
client-booking-payments,client,/projects/12?view=Payments,tab,Overview,,False,Rendered in isolated fixture; see input/tab checks and focused outcomes
client-booking-payments,client,/projects/12?view=Payments,tab,Messages,,False,Rendered in isolated fixture; see input/tab checks and focused outcomes
client-booking-payments,client,/projects/12?view=Payments,tab,Files,,False,Rendered in isolated fixture; see input/tab checks and focused outcomes
client-booking-payments,client,/projects/12?view=Payments,tab,Payments,,False,Rendered in isolated fixture; see input/tab checks and focused outcomes
client-booking-payments,client,/projects/12?view=Payments,A,Discover,/discover,False,Rendered in isolated fixture; see input/tab checks and focused outcomes
client-booking-payments,client,/projects/12?view=Payments,A,"2
Messages",/conversations,False,Rendered in isolated fixture; see input/tab checks and focused outcomes
client-booking-payments,client,/projects/12?view=Payments,A,Bookings,/bookings,False,Rendered in isolated fixture; see input/tab checks and focused outcomes
client-booking-payments,client,/projects/12?view=Payments,A,Profile,/profile,False,Rendered in isolated fixture; see input/tab checks and focused outcomes
client-inbox,client,/conversations,A,tattoi,/bookings,False,Rendered in isolated fixture; see input/tab checks and focused outcomes
client-inbox,client,/conversations,A,Your profile,/profile,False,Rendered in isolated fixture; see input/tab checks and focused outcomes
client-inbox,client,/conversations,search,Search conversations,,False,Rendered in isolated fixture; see input/tab checks and focused outcomes
client-inbox,client,/conversations,A,"EM
Ella Morgan
I love the peonies. Could we leave room to extend it later?
2",/chat/12,False,Rendered in isolated fixture; see input/tab checks and focused outcomes
client-inbox,client,/conversations,A,Discover,/discover,False,Rendered in isolated fixture; see input/tab checks and focused outcomes
client-inbox,client,/conversations,A,"2
Messages",/conversations,False,Rendered in isolated fixture; see input/tab checks and focused outcomes
client-inbox,client,/conversations,A,Bookings,/bookings,False,Rendered in isolated fixture; see input/tab checks and focused outcomes
client-inbox,client,/conversations,A,Profile,/profile,False,Rendered in isolated fixture; see input/tab checks and focused outcomes
client-conversation,client,/chat/12,A,All conversations,/conversations,False,Rendered in isolated fixture; see input/tab checks and focused outcomes
client-conversation,client,/chat/12,A,Open booking,/projects/12,False,Rendered in isolated fixture; see input/tab checks and focused outcomes
client-conversation,client,/chat/12,button,Attach photo,,False,Rendered in isolated fixture; see input/tab checks and focused outcomes
client-conversation,client,/chat/12,TEXTAREA,Message,,False,Rendered in isolated fixture; see input/tab checks and focused outcomes
client-conversation,client,/chat/12,submit,Send message,,True,Rendered in isolated fixture; see input/tab checks and focused outcomes
client-client-profile,client,/profile,A,tattoi,/bookings,False,Rendered in isolated fixture; see input/tab checks and focused outcomes
client-client-profile,client,/profile,A,Settings,/settings,False,Rendered in isolated fixture; see input/tab checks and focused outcomes
client-client-profile,client,/profile,A,Edit your details,/profile?edit=true,False,Rendered in isolated fixture; see input/tab checks and focused outcomes
client-client-profile,client,/profile,A,Your purchases,/purchases,False,Rendered in isolated fixture; see input/tab checks and focused outcomes
client-client-profile,client,/profile,A,Cancellation offers,/waitlist,False,Rendered in isolated fixture; see input/tab checks and focused outcomes
client-client-profile,client,/profile,A,Discover,/discover,False,Rendered in isolated fixture; see input/tab checks and focused outcomes
client-client-profile,client,/profile,A,"2
Messages",/conversations,False,Rendered in isolated fixture; see input/tab checks and focused outcomes
client-client-profile,client,/profile,A,Bookings,/bookings,False,Rendered in isolated fixture; see input/tab checks and focused outcomes
client-client-profile,client,/profile,A,Profile,/profile,False,Rendered in isolated fixture; see input/tab checks and focused outcomes
client-client-documents,client,/profile?tab=forms,A,Back,/profile,False,Rendered in isolated fixture; see input/tab checks and focused outcomes
client-client-documents,client,/profile?tab=forms,A,Settings,/settings,False,Rendered in isolated fixture; see input/tab checks and focused outcomes
client-client-documents,client,/profile?tab=forms,A,Your purchases,/purchases,False,Rendered in isolated fixture; see input/tab checks and focused outcomes
client-client-documents,client,/profile?tab=forms,A,Cancellation offers,/waitlist,False,Rendered in isolated fixture; see input/tab checks and focused outcomes
client-client-documents,client,/profile?tab=forms,A,Discover,/discover,False,Rendered in isolated fixture; see input/tab checks and focused outcomes
client-client-documents,client,/profile?tab=forms,A,"2
Messages",/conversations,False,Rendered in isolated fixture; see input/tab checks and focused outcomes
client-client-documents,client,/profile?tab=forms,A,Bookings,/bookings,False,Rendered in isolated fixture; see input/tab checks and focused outcomes
client-client-documents,client,/profile?tab=forms,A,Profile,/profile,False,Rendered in isolated fixture; see input/tab checks and focused outcomes
client-earlier-appointments,client,/waitlist,A,Back,/bookings,False,Rendered in isolated fixture; see input/tab checks and focused outcomes
client-earlier-appointments,client,/waitlist,A,Your profile,/profile,False,Rendered in isolated fixture; see input/tab checks and focused outcomes
client-earlier-appointments,client,/waitlist,A,Discover,/discover,False,Rendered in isolated fixture; see input/tab checks and focused outcomes
client-earlier-appointments,client,/waitlist,A,"2
Messages",/conversations,False,Rendered in isolated fixture; see input/tab checks and focused outcomes
client-earlier-appointments,client,/waitlist,A,Bookings,/bookings,False,Rendered in isolated fixture; see input/tab checks and focused outcomes
client-earlier-appointments,client,/waitlist,A,Profile,/profile,False,Rendered in isolated fixture; see input/tab checks and focused outcomes
client-purchases,client,/purchases,A,Back,/profile,False,Rendered in isolated fixture; see input/tab checks and focused outcomes
client-purchases,client,/purchases,A,Your profile,/profile,False,Rendered in isolated fixture; see input/tab checks and focused outcomes
client-purchases,client,/purchases,search,Search purchases,,False,Rendered in isolated fixture; see input/tab checks and focused outcomes
client-purchases,client,/purchases,A,Discover,/discover,False,Rendered in isolated fixture; see input/tab checks and focused outcomes
client-purchases,client,/purchases,A,"2
Messages",/conversations,False,Rendered in isolated fixture; see input/tab checks and focused outcomes
client-purchases,client,/purchases,A,Bookings,/bookings,False,Rendered in isolated fixture; see input/tab checks and focused outcomes
client-purchases,client,/purchases,A,Profile,/profile,False,Rendered in isolated fixture; see input/tab checks and focused outcomes
client-complete-profile,client,/complete-profile,A,tattoi,/bookings,False,Rendered in isolated fixture; see input/tab checks and focused outcomes
client-complete-profile,client,/complete-profile,A,For artists,/signup?role=artist,False,Rendered in isolated fixture; see input/tab checks and focused outcomes
client-complete-profile,client,/complete-profile,INPUT,Full name,,False,Rendered in isolated fixture; see input/tab checks and focused outcomes
client-complete-profile,client,/complete-profile,tel,Phone,,False,Rendered in isolated fixture; see input/tab checks and focused outcomes
client-complete-profile,client,/complete-profile,date,Date of birth (optional),,False,Rendered in isolated fixture; see input/tab checks and focused outcomes
client-complete-profile,client,/complete-profile,submit,Save and continue,,False,Rendered in isolated fixture; see input/tab checks and focused outcomes
artist-today,artist,/dashboard,A,tattoi,/dashboard,False,Rendered in isolated fixture; see input/tab checks and focused outcomes
artist-today,artist,/dashboard,A,Your business,/business,False,Rendered in isolated fixture; see input/tab checks and focused outcomes
artist-today,artist,/dashboard,A,Today,/dashboard,False,Rendered in isolated fixture; see input/tab checks and focused outcomes
artist-today,artist,/dashboard,A,Clients,/clients,False,Rendered in isolated fixture; see input/tab checks and focused outcomes
artist-today,artist,/dashboard,A,Supplies,/supplies,False,Rendered in isolated fixture; see input/tab checks and focused outcomes
artist-today,artist,/dashboard,BUTTON,Nothing needs your attention,,False,Rendered in isolated fixture; see input/tab checks and focused outcomes
artist-today,artist,/dashboard,BUTTON,"Design brief
⌄",,False,Rendered in isolated fixture; see input/tab checks and focused outcomes
artist-today,artist,/dashboard,button,Refresh design brief,,False,Rendered in isolated fixture; see input/tab checks and focused outcomes
artist-today,artist,/dashboard,A,View booking,/projects/12?session=101,False,Rendered in isolated fixture; see input/tab checks and focused outcomes
artist-today,artist,/dashboard,button,"Monday, 7 September 2026",,False,Rendered in isolated fixture; see input/tab checks and focused outcomes
artist-today,artist,/dashboard,button,"Tuesday, 8 September 2026",,False,Rendered in isolated fixture; see input/tab checks and focused outcomes
artist-today,artist,/dashboard,button,"Wednesday, 9 September 2026",,False,Rendered in isolated fixture; see input/tab checks and focused outcomes
artist-today,artist,/dashboard,button,"Thursday, 10 September 2026",,False,Rendered in isolated fixture; see input/tab checks and focused outcomes
artist-today,artist,/dashboard,button,"Friday, 11 September 2026",,False,Rendered in isolated fixture; see input/tab checks and focused outcomes
artist-today,artist,/dashboard,button,"Saturday, 12 September 2026",,False,Rendered in isolated fixture; see input/tab checks and focused outcomes
artist-today,artist,/dashboard,button,"Sunday, 13 September 2026",,False,Rendered in isolated fixture; see input/tab checks and focused outcomes
artist-today,artist,/dashboard,A,"10:00
Mia Chen
Botanical sleeve · Confirmed",/projects/12?session=101,False,Rendered in isolated fixture; see input/tab checks and focused outcomes
artist-today,artist,/dashboard,A,"14:00
Mia Chen
Geometric shoulder · Confirmed",/projects/12?session=102,False,Rendered in isolated fixture; see input/tab checks and focused outcomes
artist-today,artist,/dashboard,button,Expand full week,,False,Rendered in isolated fixture; see input/tab checks and focused outcomes
artist-today,artist,/dashboard,A,Open calendar,/calendar?date=2026-09-10,False,Rendered in isolated fixture; see input/tab checks and focused outcomes
artist-today,artist,/dashboard,A,Payments & payouts,/money,False,Rendered in isolated fixture; see input/tab checks and focused outcomes
artist-today,artist,/dashboard,A,Browse suppliers,/supplies,False,Rendered in isolated fixture; see input/tab checks and focused outcomes
artist-today,artist,/dashboard,A,"Your orders
Review orders and payment status",/supply-orders,False,Rendered in isolated fixture; see input/tab checks and focused outcomes
artist-today,artist,/dashboard,A,Today,/dashboard,False,Rendered in isolated fixture; see input/tab checks and focused outcomes
artist-today,artist,/dashboard,A,"2
Messages",/conversations,False,Rendered in isolated fixture; see input/tab checks and focused outcomes
artist-today,artist,/dashboard,A,Calendar,/calendar,False,Rendered in isolated fixture; see input/tab checks and focused outcomes
artist-today,artist,/dashboard,A,Profile,/artist-profile,False,Rendered in isolated fixture; see input/tab checks and focused outcomes
artist-business,artist,/business,A,tattoi,/dashboard,False,Rendered in isolated fixture; see input/tab checks and focused outcomes
artist-business,artist,/business,A,Your business,/business,False,Rendered in isolated fixture; see input/tab checks and focused outcomes
artist-business,artist,/business,A,"Money
Income, balances and payouts",/money,False,Rendered in isolated fixture; see input/tab checks and focused outcomes
artist-business,artist,/business,A,"Working hours & services
Availability, session lengths and pricing",/work-hours,False,Rendered in isolated fixture; see input/tab checks and focused outcomes
artist-business,artist,/business,A,"Your profile & booking link
The front door for your clients",/artist-profile,False,Rendered in isolated fixture; see input/tab checks and focused outcomes
artist-business,artist,/business,A,"Cancellation waitlist
Fill available appointments",/waitlist,False,Rendered in isolated fixture; see input/tab checks and focused outcomes
artist-business,artist,/business,A,"Your products
Catalogue and availability",/products,False,Rendered in isolated fixture; see input/tab checks and focused outcomes
artist-business,artist,/business,A,"Store orders
Payment and fulfilment",/store-orders,False,Rendered in isolated fixture; see input/tab checks and focused outcomes
artist-business,artist,/business,A,"Workshops & events
Create an event and review registrations",/artist-events,False,Rendered in isolated fixture; see input/tab checks and focused outcomes
artist-business,artist,/business,A,"Supplies
Stock and supplier orders",/supplies,False,Rendered in isolated fixture; see input/tab checks and focused outcomes
artist-business,artist,/business,A,"Studio
People and shared workspace",/studio,False,Rendered in isolated fixture; see input/tab checks and focused outcomes
artist-business,artist,/business,A,"Settings
Your account, business and preferences",/settings,False,Rendered in isolated fixture; see input/tab checks and focused outcomes
artist-business,artist,/business,A,Today,/dashboard,False,Rendered in isolated fixture; see input/tab checks and focused outcomes
artist-business,artist,/business,A,"2
Messages",/conversations,False,Rendered in isolated fixture; see input/tab checks and focused outcomes
artist-business,artist,/business,A,Calendar,/calendar,False,Rendered in isolated fixture; see input/tab checks and focused outcomes
artist-business,artist,/business,A,Profile,/artist-profile,False,Rendered in isolated fixture; see input/tab checks and focused outcomes
artist-artist-products,artist,/products,A,Back,/business,False,Rendered in isolated fixture; see input/tab checks and focused outcomes
artist-artist-products,artist,/products,button,Add product,,False,Rendered in isolated fixture; see input/tab checks and focused outcomes
artist-artist-products,artist,/products,search,Search products,,False,Rendered in isolated fixture; see input/tab checks and focused outcomes
artist-artist-products,artist,/products,SUMMARY,View 1 variants,,False,Rendered in isolated fixture; see input/tab checks and focused outcomes
artist-artist-products,artist,/products,button,Edit Cartridge needles,,False,Rendered in isolated fixture; see input/tab checks and focused outcomes
artist-artist-products,artist,/products,A,Today,/dashboard,False,Rendered in isolated fixture; see input/tab checks and focused outcomes
artist-artist-products,artist,/products,A,"2
Messages",/conversations,False,Rendered in isolated fixture; see input/tab checks and focused outcomes
artist-artist-products,artist,/products,A,Calendar,/calendar,False,Rendered in isolated fixture; see input/tab checks and focused outcomes
artist-artist-products,artist,/products,A,Profile,/artist-profile,False,Rendered in isolated fixture; see input/tab checks and focused outcomes
artist-artist-events,artist,/artist-events,A,Back,/artist-profile,False,Rendered in isolated fixture; see input/tab checks and focused outcomes
artist-artist-events,artist,/artist-events,button,Create event,,False,Rendered in isolated fixture; see input/tab checks and focused outcomes
artist-artist-events,artist,/artist-events,A,Preview events page,/events/ella-morgan,False,Rendered in isolated fixture; see input/tab checks and focused outcomes
artist-artist-events,artist,/artist-events,A,Today,/dashboard,False,Rendered in isolated fixture; see input/tab checks and focused outcomes
artist-artist-events,artist,/artist-events,A,"2
Messages",/conversations,False,Rendered in isolated fixture; see input/tab checks and focused outcomes
artist-artist-events,artist,/artist-events,A,Calendar,/calendar,False,Rendered in isolated fixture; see input/tab checks and focused outcomes
artist-artist-events,artist,/artist-events,A,Profile,/artist-profile,False,Rendered in isolated fixture; see input/tab checks and focused outcomes
artist-store-orders,artist,/store-orders,A,Back,/artist-profile,False,Rendered in isolated fixture; see input/tab checks and focused outcomes
artist-store-orders,artist,/store-orders,A,Your business,/business,False,Rendered in isolated fixture; see input/tab checks and focused outcomes
artist-store-orders,artist,/store-orders,tab,To fulfil,,False,Rendered in isolated fixture; see input/tab checks and focused outcomes
artist-store-orders,artist,/store-orders,tab,Fulfilled,,False,Rendered in isolated fixture; see input/tab checks and focused outcomes
artist-store-orders,artist,/store-orders,tab,All,,False,Rendered in isolated fixture; see input/tab checks and focused outcomes
artist-store-orders,artist,/store-orders,search,Search orders,,False,Rendered in isolated fixture; see input/tab checks and focused outcomes
artist-store-orders,artist,/store-orders,button,"Order #1
Ella Morgan · $32.00
Paid in full",,False,Rendered in isolated fixture; see input/tab checks and focused outcomes
artist-store-orders,artist,/store-orders,A,Today,/dashboard,False,Rendered in isolated fixture; see input/tab checks and focused outcomes
artist-store-orders,artist,/store-orders,A,"2
Messages",/conversations,False,Rendered in isolated fixture; see input/tab checks and focused outcomes
artist-store-orders,artist,/store-orders,A,Calendar,/calendar,False,Rendered in isolated fixture; see input/tab checks and focused outcomes
artist-store-orders,artist,/store-orders,A,Profile,/artist-profile,False,Rendered in isolated fixture; see input/tab checks and focused outcomes
artist-money,artist,/money,A,Back,/business,False,Rendered in isolated fixture; see input/tab checks and focused outcomes
artist-money,artist,/money,A,Your business,/business,False,Rendered in isolated fixture; see input/tab checks and focused outcomes
artist-money,artist,/money,tab,7 days,,False,Rendered in isolated fixture; see input/tab checks and focused outcomes
artist-money,artist,/money,tab,30 days,,False,Rendered in isolated fixture; see input/tab checks and focused outcomes
artist-money,artist,/money,tab,90 days,,False,Rendered in isolated fixture; see input/tab checks and focused outcomes
artist-money,artist,/money,tab,All time,,False,Rendered in isolated fixture; see input/tab checks and focused outcomes
artist-money,artist,/money,A,Manage payouts,/bank-payouts,False,Rendered in isolated fixture; see input/tab checks and focused outcomes
artist-money,artist,/money,SUMMARY,"deposit · Mia Chen
Wed, 9 Sept, 10:00 am
$150.00",,False,Rendered in isolated fixture; see input/tab checks and focused outcomes
artist-money,artist,/money,A,View payout history,/payout-history,False,Rendered in isolated fixture; see input/tab checks and focused outcomes
artist-money,artist,/money,A,Today,/dashboard,False,Rendered in isolated fixture; see input/tab checks and focused outcomes
artist-money,artist,/money,A,"2
Messages",/conversations,False,Rendered in isolated fixture; see input/tab checks and focused outcomes
artist-money,artist,/money,A,Calendar,/calendar,False,Rendered in isolated fixture; see input/tab checks and focused outcomes
artist-money,artist,/money,A,Profile,/artist-profile,False,Rendered in isolated fixture; see input/tab checks and focused outcomes
artist-calendar,artist,/calendar,A,tattoi,/dashboard,False,Rendered in isolated fixture; see input/tab checks and focused outcomes
artist-calendar,artist,/calendar,button,New booking,,False,Rendered in isolated fixture; see input/tab checks and focused outcomes
artist-calendar,artist,/calendar,button,Previous week,,False,Rendered in isolated fixture; see input/tab checks and focused outcomes
artist-calendar,artist,/calendar,button,Next week,,False,Rendered in isolated fixture; see input/tab checks and focused outcomes
artist-calendar,artist,/calendar,button,Today,,False,Rendered in isolated fixture; see input/tab checks and focused outcomes
artist-calendar,artist,/calendar,SELECT,Calendar artist,,False,Rendered in isolated fixture; see input/tab checks and focused outcomes
artist-calendar,artist,/calendar,button,"Monday, 7 September 2026",,False,Rendered in isolated fixture; see input/tab checks and focused outcomes
artist-calendar,artist,/calendar,button,"Tuesday, 8 September 2026",,False,Rendered in isolated fixture; see input/tab checks and focused outcomes
artist-calendar,artist,/calendar,button,"Wednesday, 9 September 2026",,False,Rendered in isolated fixture; see input/tab checks and focused outcomes
artist-calendar,artist,/calendar,button,"Thursday, 10 September 2026",,False,Rendered in isolated fixture; see input/tab checks and focused outcomes
artist-calendar,artist,/calendar,button,"Friday, 11 September 2026",,False,Rendered in isolated fixture; see input/tab checks and focused outcomes
artist-calendar,artist,/calendar,button,"Saturday, 12 September 2026",,False,Rendered in isolated fixture; see input/tab checks and focused outcomes
artist-calendar,artist,/calendar,button,"Sunday, 13 September 2026",,False,Rendered in isolated fixture; see input/tab checks and focused outcomes
artist-calendar,artist,/calendar,button,Expand agenda,,False,Rendered in isolated fixture; see input/tab checks and focused outcomes
artist-calendar,artist,/calendar,button,Book on 6 September 2026,,False,Rendered in isolated fixture; see input/tab checks and focused outcomes
artist-calendar,artist,/calendar,button,Book on 7 September 2026,,False,Rendered in isolated fixture; see input/tab checks and focused outcomes
artist-calendar,artist,/calendar,button,Book on 8 September 2026,,False,Rendered in isolated fixture; see input/tab checks and focused outcomes
artist-calendar,artist,/calendar,button,Book on 9 September 2026,,False,Rendered in isolated fixture; see input/tab checks and focused outcomes
artist-calendar,artist,/calendar,button,Book on 10 September 2026,,False,Rendered in isolated fixture; see input/tab checks and focused outcomes
artist-calendar,artist,/calendar,button,"10:00
13:00
Mia Chen
Botanical sleeve",,False,Rendered in isolated fixture; see input/tab checks and focused outcomes
artist-calendar,artist,/calendar,button,"14:00
16:00
Mia Chen
Geometric shoulder",,False,Rendered in isolated fixture; see input/tab checks and focused outcomes
artist-calendar,artist,/calendar,button,Book on 11 September 2026,,False,Rendered in isolated fixture; see input/tab checks and focused outcomes
artist-calendar,artist,/calendar,button,Book on 12 September 2026,,False,Rendered in isolated fixture; see input/tab checks and focused outcomes
artist-calendar,artist,/calendar,button,Book on 13 September 2026,,False,Rendered in isolated fixture; see input/tab checks and focused outcomes
artist-calendar,artist,/calendar,button,Book on 14 September 2026,,False,Rendered in isolated fixture; see input/tab checks and focused outcomes
artist-calendar,artist,/calendar,button,Book on 15 September 2026,,False,Rendered in isolated fixture; see input/tab checks and focused outcomes
artist-calendar,artist,/calendar,BUTTON,"Thu 10 Sep · 2 sessions
Expand agenda",,False,Rendered in isolated fixture; see input/tab checks and focused outcomes
artist-calendar,artist,/calendar,A,Today,/dashboard,False,Rendered in isolated fixture; see input/tab checks and focused outcomes
artist-calendar,artist,/calendar,A,"2
Messages",/conversations,False,Rendered in isolated fixture; see input/tab checks and focused outcomes
artist-calendar,artist,/calendar,A,Calendar,/calendar,False,Rendered in isolated fixture; see input/tab checks and focused outcomes
artist-calendar,artist,/calendar,A,Profile,/artist-profile,False,Rendered in isolated fixture; see input/tab checks and focused outcomes
artist-inbox,artist,/conversations,A,tattoi,/dashboard,False,Rendered in isolated fixture; see input/tab checks and focused outcomes
artist-inbox,artist,/conversations,A,Your business,/business,False,Rendered in isolated fixture; see input/tab checks and focused outcomes
artist-inbox,artist,/conversations,tab,Clients,,False,Rendered in isolated fixture; see input/tab checks and focused outcomes
artist-inbox,artist,/conversations,tab,Contacts,,False,Rendered in isolated fixture; see input/tab checks and focused outcomes
artist-inbox,artist,/conversations,search,Search conversations,,False,Rendered in isolated fixture; see input/tab checks and focused outcomes
artist-inbox,artist,/conversations,A,"MC
Mia Chen
I love the peonies. Could we leave room to extend it later?
2",/chat/12,False,Rendered in isolated fixture; see input/tab checks and focused outcomes
artist-inbox,artist,/conversations,A,Today,/dashboard,False,Rendered in isolated fixture; see input/tab checks and focused outcomes
artist-inbox,artist,/conversations,A,"2
Messages",/conversations,False,Rendered in isolated fixture; see input/tab checks and focused outcomes
artist-inbox,artist,/conversations,A,Calendar,/calendar,False,Rendered in isolated fixture; see input/tab checks and focused outcomes
artist-inbox,artist,/conversations,A,Profile,/artist-profile,False,Rendered in isolated fixture; see input/tab checks and focused outcomes
artist-conversation,artist,/chat/12,A,All conversations,/conversations,False,Rendered in isolated fixture; see input/tab checks and focused outcomes
artist-conversation,artist,/chat/12,A,Open booking,/projects/12,False,Rendered in isolated fixture; see input/tab checks and focused outcomes
artist-conversation,artist,/chat/12,button,Book,,False,Rendered in isolated fixture; see input/tab checks and focused outcomes
artist-conversation,artist,/chat/12,button,Client details and media,,False,Rendered in isolated fixture; see input/tab checks and focused outcomes
artist-conversation,artist,/chat/12,BUTTON,"Design brief
⌄",,False,Rendered in isolated fixture; see input/tab checks and focused outcomes
artist-conversation,artist,/chat/12,button,Refresh design brief,,False,Rendered in isolated fixture; see input/tab checks and focused outcomes
artist-conversation,artist,/chat/12,SUMMARY,Client records & private notes,,False,Rendered in isolated fixture; see input/tab checks and focused outcomes
artist-conversation,artist,/chat/12,TEXTAREA,,,False,Rendered in isolated fixture; see input/tab checks and focused outcomes
artist-conversation,artist,/chat/12,submit,,,True,Rendered in isolated fixture; see input/tab checks and focused outcomes
artist-conversation,artist,/chat/12,button,Attach photo,,False,Rendered in isolated fixture; see input/tab checks and focused outcomes
artist-conversation,artist,/chat/12,TEXTAREA,Message,,False,Rendered in isolated fixture; see input/tab checks and focused outcomes
artist-conversation,artist,/chat/12,submit,Send message,,True,Rendered in isolated fixture; see input/tab checks and focused outcomes
artist-project-overview,artist,/projects/12,A,Back,/calendar,False,Rendered in isolated fixture; see input/tab checks and focused outcomes
artist-project-overview,artist,/projects/12,A,Your business,/business,False,Rendered in isolated fixture; see input/tab checks and focused outcomes
artist-project-overview,artist,/projects/12,tab,Overview,,False,Rendered in isolated fixture; see input/tab checks and focused outcomes
artist-project-overview,artist,/projects/12,tab,Messages,,False,Rendered in isolated fixture; see input/tab checks and focused outcomes
artist-project-overview,artist,/projects/12,tab,Files,,False,Rendered in isolated fixture; see input/tab checks and focused outcomes
artist-project-overview,artist,/projects/12,tab,Payments,,False,Rendered in isolated fixture; see input/tab checks and focused outcomes
artist-project-overview,artist,/projects/12,button,"Payment received
$150.00",,False,Rendered in isolated fixture; see input/tab checks and focused outcomes
artist-project-overview,artist,/projects/12,A,Message Mia Chen,/projects/12?session=101&view=Messages,False,Rendered in isolated fixture; see input/tab checks and focused outcomes
artist-project-overview,artist,/projects/12,button,Reschedule,,False,Rendered in isolated fixture; see input/tab checks and focused outcomes
artist-project-overview,artist,/projects/12,SUMMARY,More session options,,False,Rendered in isolated fixture; see input/tab checks and focused outcomes
artist-project-overview,artist,/projects/12,button,,,False,Rendered in isolated fixture; see input/tab checks and focused outcomes
artist-project-overview,artist,/projects/12,A,Today,/dashboard,False,Rendered in isolated fixture; see input/tab checks and focused outcomes
artist-project-overview,artist,/projects/12,A,"2
Messages",/conversations,False,Rendered in isolated fixture; see input/tab checks and focused outcomes
artist-project-overview,artist,/projects/12,A,Calendar,/calendar,False,Rendered in isolated fixture; see input/tab checks and focused outcomes
artist-project-overview,artist,/projects/12,A,Profile,/artist-profile,False,Rendered in isolated fixture; see input/tab checks and focused outcomes
artist-project-files,artist,/projects/12?view=Files,A,Back,/calendar,False,Rendered in isolated fixture; see input/tab checks and focused outcomes
artist-project-files,artist,/projects/12?view=Files,A,Your business,/business,False,Rendered in isolated fixture; see input/tab checks and focused outcomes
artist-project-files,artist,/projects/12?view=Files,tab,Overview,,False,Rendered in isolated fixture; see input/tab checks and focused outcomes
artist-project-files,artist,/projects/12?view=Files,tab,Messages,,False,Rendered in isolated fixture; see input/tab checks and focused outcomes
artist-project-files,artist,/projects/12?view=Files,tab,Files,,False,Rendered in isolated fixture; see input/tab checks and focused outcomes
artist-project-files,artist,/projects/12?view=Files,tab,Payments,,False,Rendered in isolated fixture; see input/tab checks and focused outcomes
artist-project-files,artist,/projects/12?view=Files,SUMMARY,Older conversation references · unassigned,,False,Rendered in isolated fixture; see input/tab checks and focused outcomes
artist-project-files,artist,/projects/12?view=Files,A,Share photos in Messages,/projects/12?session=101&view=Messages,False,Rendered in isolated fixture; see input/tab checks and focused outcomes
artist-project-files,artist,/projects/12?view=Files,A,Today,/dashboard,False,Rendered in isolated fixture; see input/tab checks and focused outcomes
artist-project-files,artist,/projects/12?view=Files,A,"2
Messages",/conversations,False,Rendered in isolated fixture; see input/tab checks and focused outcomes
artist-project-files,artist,/projects/12?view=Files,A,Calendar,/calendar,False,Rendered in isolated fixture; see input/tab checks and focused outcomes
artist-project-files,artist,/projects/12?view=Files,A,Profile,/artist-profile,False,Rendered in isolated fixture; see input/tab checks and focused outcomes
artist-project-payments,artist,/projects/12?view=Payments,A,Back,/calendar,False,Rendered in isolated fixture; see input/tab checks and focused outcomes
artist-project-payments,artist,/projects/12?view=Payments,A,Your business,/business,False,Rendered in isolated fixture; see input/tab checks and focused outcomes
artist-project-payments,artist,/projects/12?view=Payments,tab,Overview,,False,Rendered in isolated fixture; see input/tab checks and focused outcomes
artist-project-payments,artist,/projects/12?view=Payments,tab,Messages,,False,Rendered in isolated fixture; see input/tab checks and focused outcomes
artist-project-payments,artist,/projects/12?view=Payments,tab,Files,,False,Rendered in isolated fixture; see input/tab checks and focused outcomes
artist-project-payments,artist,/projects/12?view=Payments,tab,Payments,,False,Rendered in isolated fixture; see input/tab checks and focused outcomes
artist-project-payments,artist,/projects/12?view=Payments,A,Today,/dashboard,False,Rendered in isolated fixture; see input/tab checks and focused outcomes
artist-project-payments,artist,/projects/12?view=Payments,A,"2
Messages",/conversations,False,Rendered in isolated fixture; see input/tab checks and focused outcomes
artist-project-payments,artist,/projects/12?view=Payments,A,Calendar,/calendar,False,Rendered in isolated fixture; see input/tab checks and focused outcomes
artist-project-payments,artist,/projects/12?view=Payments,A,Profile,/artist-profile,False,Rendered in isolated fixture; see input/tab checks and focused outcomes
artist-clients,artist,/clients,A,tattoi,/dashboard,False,Rendered in isolated fixture; see input/tab checks and focused outcomes
artist-clients,artist,/clients,button,Add client,,False,Rendered in isolated fixture; see input/tab checks and focused outcomes
artist-clients,artist,/clients,A,Today,/dashboard,False,Rendered in isolated fixture; see input/tab checks and focused outcomes
artist-clients,artist,/clients,A,Clients,/clients,False,Rendered in isolated fixture; see input/tab checks and focused outcomes
artist-clients,artist,/clients,A,Supplies,/supplies,False,Rendered in isolated fixture; see input/tab checks and focused outcomes
artist-clients,artist,/clients,search,Search clients,,False,Rendered in isolated fixture; see input/tab checks and focused outcomes
artist-clients,artist,/clients,button,"MC
Mia Chen
View client",,False,Rendered in isolated fixture; see input/tab checks and focused outcomes
artist-clients,artist,/clients,A,Today,/dashboard,False,Rendered in isolated fixture; see input/tab checks and focused outcomes
artist-clients,artist,/clients,A,"2
Messages",/conversations,False,Rendered in isolated fixture; see input/tab checks and focused outcomes
artist-clients,artist,/clients,A,Calendar,/calendar,False,Rendered in isolated fixture; see input/tab checks and focused outcomes
artist-clients,artist,/clients,A,Profile,/artist-profile,False,Rendered in isolated fixture; see input/tab checks and focused outcomes
artist-booking-request,artist,/lead/1,A,Back,/conversations,False,Rendered in isolated fixture; see input/tab checks and focused outcomes
artist-booking-request,artist,/lead/1,A,Your business,/business,False,Rendered in isolated fixture; see input/tab checks and focused outcomes
artist-booking-request,artist,/lead/1,A,,/__ivory_artwork.png,False,Rendered in isolated fixture; see input/tab checks and focused outcomes
artist-booking-request,artist,/lead/1,button,Open conversation,,False,Rendered in isolated fixture; see input/tab checks and focused outcomes
artist-booking-request,artist,/lead/1,A,Email Mia Chen,mailto:undefined?subject=Your%20tattoo%20booking%20request,False,Rendered in isolated fixture; see input/tab checks and focused outcomes
artist-booking-request,artist,/lead/1,button,Archive request,,False,Rendered in isolated fixture; see input/tab checks and focused outcomes
artist-booking-request,artist,/lead/1,A,Today,/dashboard,False,Rendered in isolated fixture; see input/tab checks and focused outcomes
artist-booking-request,artist,/lead/1,A,"2
Messages",/conversations,False,Rendered in isolated fixture; see input/tab checks and focused outcomes
artist-booking-request,artist,/lead/1,A,Calendar,/calendar,False,Rendered in isolated fixture; see input/tab checks and focused outcomes
artist-booking-request,artist,/lead/1,A,Profile,/artist-profile,False,Rendered in isolated fixture; see input/tab checks and focused outcomes
artist-cancellation-waitlist,artist,/waitlist,A,Back,/business,False,Rendered in isolated fixture; see input/tab checks and focused outcomes
artist-cancellation-waitlist,artist,/waitlist,A,Your business,/business,False,Rendered in isolated fixture; see input/tab checks and focused outcomes
artist-cancellation-waitlist,artist,/waitlist,A,Today,/dashboard,False,Rendered in isolated fixture; see input/tab checks and focused outcomes
artist-cancellation-waitlist,artist,/waitlist,A,"2
Messages",/conversations,False,Rendered in isolated fixture; see input/tab checks and focused outcomes
artist-cancellation-waitlist,artist,/waitlist,A,Calendar,/calendar,False,Rendered in isolated fixture; see input/tab checks and focused outcomes
artist-cancellation-waitlist,artist,/waitlist,A,Profile,/artist-profile,False,Rendered in isolated fixture; see input/tab checks and focused outcomes
artist-artist-profile,artist,/artist-profile,A,Back,/dashboard,False,Rendered in isolated fixture; see input/tab checks and focused outcomes
artist-artist-profile,artist,/artist-profile,A,Your business,/business,False,Rendered in isolated fixture; see input/tab checks and focused outcomes
artist-artist-profile,artist,/artist-profile,tab,Profile,,False,Rendered in isolated fixture; see input/tab checks and focused outcomes
artist-artist-profile,artist,/artist-profile,tab,Portfolio,,False,Rendered in isolated fixture; see input/tab checks and focused outcomes
artist-artist-profile,artist,/artist-profile,A,Business settings & payouts,/business,False,Rendered in isolated fixture; see input/tab checks and focused outcomes
artist-artist-profile,artist,/artist-profile,A,Preview booking page,/book/ella-morgan,False,Rendered in isolated fixture; see input/tab checks and focused outcomes
artist-artist-profile,artist,/artist-profile,A,Share your booking link,/settings?section=booking-link,False,Rendered in isolated fixture; see input/tab checks and focused outcomes
artist-artist-profile,artist,/artist-profile,A,Photo & personal details,/settings?section=profile,False,Rendered in isolated fixture; see input/tab checks and focused outcomes
artist-artist-profile,artist,/artist-profile,INPUT,Artist display name,,False,Rendered in isolated fixture; see input/tab checks and focused outcomes
artist-artist-profile,artist,/artist-profile,url,Website,,False,Rendered in isolated fixture; see input/tab checks and focused outcomes
artist-artist-profile,artist,/artist-profile,checkbox,Show email,,False,Rendered in isolated fixture; see input/tab checks and focused outcomes
artist-artist-profile,artist,/artist-profile,checkbox,Show phone,,False,Rendered in isolated fixture; see input/tab checks and focused outcomes
artist-artist-profile,artist,/artist-profile,checkbox,Show city,,False,Rendered in isolated fixture; see input/tab checks and focused outcomes
artist-artist-profile,artist,/artist-profile,checkbox,Show website,,False,Rendered in isolated fixture; see input/tab checks and focused outcomes
artist-artist-profile,artist,/artist-profile,submit,Save public profile,,False,Rendered in isolated fixture; see input/tab checks and focused outcomes
artist-artist-profile,artist,/artist-profile,A,Edit personal details,/settings?section=profile,False,Rendered in isolated fixture; see input/tab checks and focused outcomes
artist-artist-profile,artist,/artist-profile,A,Today,/dashboard,False,Rendered in isolated fixture; see input/tab checks and focused outcomes
artist-artist-profile,artist,/artist-profile,A,"2
Messages",/conversations,False,Rendered in isolated fixture; see input/tab checks and focused outcomes
artist-artist-profile,artist,/artist-profile,A,Calendar,/calendar,False,Rendered in isolated fixture; see input/tab checks and focused outcomes
artist-artist-profile,artist,/artist-profile,A,Profile,/artist-profile,False,Rendered in isolated fixture; see input/tab checks and focused outcomes
artist-artist-portfolio,artist,/artist-profile?view=Portfolio,A,Back,/dashboard,False,Rendered in isolated fixture; see input/tab checks and focused outcomes
artist-artist-portfolio,artist,/artist-profile?view=Portfolio,A,Your business,/business,False,Rendered in isolated fixture; see input/tab checks and focused outcomes
artist-artist-portfolio,artist,/artist-profile?view=Portfolio,tab,Profile,,False,Rendered in isolated fixture; see input/tab checks and focused outcomes
artist-artist-portfolio,artist,/artist-profile?view=Portfolio,tab,Portfolio,,False,Rendered in isolated fixture; see input/tab checks and focused outcomes
artist-artist-portfolio,artist,/artist-profile?view=Portfolio,A,Business settings & payouts,/business,False,Rendered in isolated fixture; see input/tab checks and focused outcomes
artist-artist-portfolio,artist,/artist-profile?view=Portfolio,A,Preview booking page,/book/ella-morgan,False,Rendered in isolated fixture; see input/tab checks and focused outcomes
artist-artist-portfolio,artist,/artist-profile?view=Portfolio,A,Share your booking link,/settings?section=booking-link,False,Rendered in isolated fixture; see input/tab checks and focused outcomes
artist-artist-portfolio,artist,/artist-profile?view=Portfolio,A,Photo & personal details,/settings?section=profile,False,Rendered in isolated fixture; see input/tab checks and focused outcomes
artist-artist-portfolio,artist,/artist-profile?view=Portfolio,button,Add photo,,False,Rendered in isolated fixture; see input/tab checks and focused outcomes
artist-artist-portfolio,artist,/artist-profile?view=Portfolio,A,Instagram import,/settings?section=instagram,False,Rendered in isolated fixture; see input/tab checks and focused outcomes
artist-artist-portfolio,artist,/artist-profile?view=Portfolio,button,View Botanical study,,False,Rendered in isolated fixture; see input/tab checks and focused outcomes
artist-artist-portfolio,artist,/artist-profile?view=Portfolio,checkbox,Select Botanical study,,False,Rendered in isolated fixture; see input/tab checks and focused outcomes
artist-artist-portfolio,artist,/artist-profile?view=Portfolio,A,Today,/dashboard,False,Rendered in isolated fixture; see input/tab checks and focused outcomes
artist-artist-portfolio,artist,/artist-profile?view=Portfolio,A,"2
Messages",/conversations,False,Rendered in isolated fixture; see input/tab checks and focused outcomes
artist-artist-portfolio,artist,/artist-profile?view=Portfolio,A,Calendar,/calendar,False,Rendered in isolated fixture; see input/tab checks and focused outcomes
artist-artist-portfolio,artist,/artist-profile?view=Portfolio,A,Profile,/artist-profile,False,Rendered in isolated fixture; see input/tab checks and focused outcomes
artist-working-hours,artist,/work-hours,A,Back,/business,False,Rendered in isolated fixture; see input/tab checks and focused outcomes
artist-working-hours,artist,/work-hours,A,Your business,/business,False,Rendered in isolated fixture; see input/tab checks and focused outcomes
artist-working-hours,artist,/work-hours,tab,Availability,,False,Rendered in isolated fixture; see input/tab checks and focused outcomes
artist-working-hours,artist,/work-hours,tab,Services,,False,Rendered in isolated fixture; see input/tab checks and focused outcomes
artist-working-hours,artist,/work-hours,checkbox,Monday,,False,Rendered in isolated fixture; see input/tab checks and focused outcomes
artist-working-hours,artist,/work-hours,time,monday start,,False,Rendered in isolated fixture; see input/tab checks and focused outcomes
artist-working-hours,artist,/work-hours,time,monday end,,False,Rendered in isolated fixture; see input/tab checks and focused outcomes
artist-working-hours,artist,/work-hours,SELECT,monday type,,False,Rendered in isolated fixture; see input/tab checks and focused outcomes
artist-working-hours,artist,/work-hours,button,Add monday break,,False,Rendered in isolated fixture; see input/tab checks and focused outcomes
artist-working-hours,artist,/work-hours,checkbox,Tuesday,,False,Rendered in isolated fixture; see input/tab checks and focused outcomes
artist-working-hours,artist,/work-hours,checkbox,Wednesday,,False,Rendered in isolated fixture; see input/tab checks and focused outcomes
artist-working-hours,artist,/work-hours,checkbox,Thursday,,False,Rendered in isolated fixture; see input/tab checks and focused outcomes
artist-working-hours,artist,/work-hours,time,thursday start,,False,Rendered in isolated fixture; see input/tab checks and focused outcomes
artist-working-hours,artist,/work-hours,time,thursday end,,False,Rendered in isolated fixture; see input/tab checks and focused outcomes
artist-working-hours,artist,/work-hours,SELECT,thursday type,,False,Rendered in isolated fixture; see input/tab checks and focused outcomes
artist-working-hours,artist,/work-hours,button,Add thursday break,,False,Rendered in isolated fixture; see input/tab checks and focused outcomes
artist-working-hours,artist,/work-hours,checkbox,Friday,,False,Rendered in isolated fixture; see input/tab checks and focused outcomes
artist-working-hours,artist,/work-hours,checkbox,Saturday,,False,Rendered in isolated fixture; see input/tab checks and focused outcomes
artist-working-hours,artist,/work-hours,checkbox,Sunday,,False,Rendered in isolated fixture; see input/tab checks and focused outcomes
artist-working-hours,artist,/work-hours,button,Save availability,,False,Rendered in isolated fixture; see input/tab checks and focused outcomes
artist-working-hours,artist,/work-hours,A,Today,/dashboard,False,Rendered in isolated fixture; see input/tab checks and focused outcomes
artist-working-hours,artist,/work-hours,A,"2
Messages",/conversations,False,Rendered in isolated fixture; see input/tab checks and focused outcomes
artist-working-hours,artist,/work-hours,A,Calendar,/calendar,False,Rendered in isolated fixture; see input/tab checks and focused outcomes
artist-working-hours,artist,/work-hours,A,Profile,/artist-profile,False,Rendered in isolated fixture; see input/tab checks and focused outcomes
artist-supplies,artist,/supplies,A,Back,/dashboard,False,Rendered in isolated fixture; see input/tab checks and focused outcomes
artist-supplies,artist,/supplies,A,Your business,/business,False,Rendered in isolated fixture; see input/tab checks and focused outcomes
artist-supplies,artist,/supplies,A,Today,/dashboard,False,Rendered in isolated fixture; see input/tab checks and focused outcomes
artist-supplies,artist,/supplies,A,Clients,/clients,False,Rendered in isolated fixture; see input/tab checks and focused outcomes
artist-supplies,artist,/supplies,A,Supplies,/supplies,False,Rendered in isolated fixture; see input/tab checks and focused outcomes
artist-supplies,artist,/supplies,A,Your supply orders,/supply-orders,False,Rendered in isolated fixture; see input/tab checks and focused outcomes
artist-supplies,artist,/supplies,search,Search suppliers,,False,Rendered in isolated fixture; see input/tab checks and focused outcomes
artist-supplies,artist,/supplies,A,Today,/dashboard,False,Rendered in isolated fixture; see input/tab checks and focused outcomes
artist-supplies,artist,/supplies,A,"2
Messages",/conversations,False,Rendered in isolated fixture; see input/tab checks and focused outcomes
artist-supplies,artist,/supplies,A,Calendar,/calendar,False,Rendered in isolated fixture; see input/tab checks and focused outcomes
artist-supplies,artist,/supplies,A,Profile,/artist-profile,False,Rendered in isolated fixture; see input/tab checks and focused outcomes
artist-supply-orders,artist,/supply-orders,A,Back,/supplies,False,Rendered in isolated fixture; see input/tab checks and focused outcomes
artist-supply-orders,artist,/supply-orders,A,Your business,/business,False,Rendered in isolated fixture; see input/tab checks and focused outcomes
artist-supply-orders,artist,/supply-orders,search,Search supply orders,,False,Rendered in isolated fixture; see input/tab checks and focused outcomes
artist-supply-orders,artist,/supply-orders,A,Today,/dashboard,False,Rendered in isolated fixture; see input/tab checks and focused outcomes
artist-supply-orders,artist,/supply-orders,A,"2
Messages",/conversations,False,Rendered in isolated fixture; see input/tab checks and focused outcomes
artist-supply-orders,artist,/supply-orders,A,Calendar,/calendar,False,Rendered in isolated fixture; see input/tab checks and focused outcomes
artist-supply-orders,artist,/supply-orders,A,Profile,/artist-profile,False,Rendered in isolated fixture; see input/tab checks and focused outcomes
artist-purchases,artist,/purchases,A,Back,/business,False,Rendered in isolated fixture; see input/tab checks and focused outcomes
artist-purchases,artist,/purchases,A,Your business,/business,False,Rendered in isolated fixture; see input/tab checks and focused outcomes
artist-purchases,artist,/purchases,search,Search purchases,,False,Rendered in isolated fixture; see input/tab checks and focused outcomes
artist-purchases,artist,/purchases,A,Today,/dashboard,False,Rendered in isolated fixture; see input/tab checks and focused outcomes
artist-purchases,artist,/purchases,A,"2
Messages",/conversations,False,Rendered in isolated fixture; see input/tab checks and focused outcomes
artist-purchases,artist,/purchases,A,Calendar,/calendar,False,Rendered in isolated fixture; see input/tab checks and focused outcomes
artist-purchases,artist,/purchases,A,Profile,/artist-profile,False,Rendered in isolated fixture; see input/tab checks and focused outcomes
artist-bank-payouts,artist,/bank-payouts,A,Back,/money,False,Rendered in isolated fixture; see input/tab checks and focused outcomes
artist-bank-payouts,artist,/bank-payouts,A,Your business,/business,False,Rendered in isolated fixture; see input/tab checks and focused outcomes
artist-bank-payouts,artist,/bank-payouts,button,Connect your bank,,True,Rendered in isolated fixture; see input/tab checks and focused outcomes
artist-bank-payouts,artist,/bank-payouts,button,Refresh status,,False,Rendered in isolated fixture; see input/tab checks and focused outcomes
artist-bank-payouts,artist,/bank-payouts,A,Today,/dashboard,False,Rendered in isolated fixture; see input/tab checks and focused outcomes
artist-bank-payouts,artist,/bank-payouts,A,"2
Messages",/conversations,False,Rendered in isolated fixture; see input/tab checks and focused outcomes
artist-bank-payouts,artist,/bank-payouts,A,Calendar,/calendar,False,Rendered in isolated fixture; see input/tab checks and focused outcomes
artist-bank-payouts,artist,/bank-payouts,A,Profile,/artist-profile,False,Rendered in isolated fixture; see input/tab checks and focused outcomes
artist-payout-history,artist,/payout-history,A,Back,/money,False,Rendered in isolated fixture; see input/tab checks and focused outcomes
artist-payout-history,artist,/payout-history,A,Your business,/business,False,Rendered in isolated fixture; see input/tab checks and focused outcomes
artist-payout-history,artist,/payout-history,button,Review refund,,False,Rendered in isolated fixture; see input/tab checks and focused outcomes
artist-payout-history,artist,/payout-history,A,Today,/dashboard,False,Rendered in isolated fixture; see input/tab checks and focused outcomes
artist-payout-history,artist,/payout-history,A,"2
Messages",/conversations,False,Rendered in isolated fixture; see input/tab checks and focused outcomes
artist-payout-history,artist,/payout-history,A,Calendar,/calendar,False,Rendered in isolated fixture; see input/tab checks and focused outcomes
artist-payout-history,artist,/payout-history,A,Profile,/artist-profile,False,Rendered in isolated fixture; see input/tab checks and focused outcomes
artist-notifications,artist,/notifications-management,A,Back,/settings,False,Rendered in isolated fixture; see input/tab checks and focused outcomes
artist-notifications,artist,/notifications-management,A,Your business,/business,False,Rendered in isolated fixture; see input/tab checks and focused outcomes
artist-notifications,artist,/notifications-management,button,Enable notifications,,False,Rendered in isolated fixture; see input/tab checks and focused outcomes
artist-notifications,artist,/notifications-management,button,Add template,,False,Rendered in isolated fixture; see input/tab checks and focused outcomes
artist-notifications,artist,/notifications-management,A,Today,/dashboard,False,Rendered in isolated fixture; see input/tab checks and focused outcomes
artist-notifications,artist,/notifications-management,A,"2
Messages",/conversations,False,Rendered in isolated fixture; see input/tab checks and focused outcomes
artist-notifications,artist,/notifications-management,A,Calendar,/calendar,False,Rendered in isolated fixture; see input/tab checks and focused outcomes
artist-notifications,artist,/notifications-management,A,Profile,/artist-profile,False,Rendered in isolated fixture; see input/tab checks and focused outcomes
artist-plans,artist,/subscriptions,A,Back,/settings,False,Rendered in isolated fixture; see input/tab checks and focused outcomes
artist-plans,artist,/subscriptions,A,Your business,/business,False,Rendered in isolated fixture; see input/tab checks and focused outcomes
artist-plans,artist,/subscriptions,button,Choose Pro,,True,Rendered in isolated fixture; see input/tab checks and focused outcomes
artist-plans,artist,/subscriptions,A,Set up Studio,/studio,False,Rendered in isolated fixture; see input/tab checks and focused outcomes
artist-plans,artist,/subscriptions,A,Today,/dashboard,False,Rendered in isolated fixture; see input/tab checks and focused outcomes
artist-plans,artist,/subscriptions,A,"2
Messages",/conversations,False,Rendered in isolated fixture; see input/tab checks and focused outcomes
artist-plans,artist,/subscriptions,A,Calendar,/calendar,False,Rendered in isolated fixture; see input/tab checks and focused outcomes
artist-plans,artist,/subscriptions,A,Profile,/artist-profile,False,Rendered in isolated fixture; see input/tab checks and focused outcomes
artist-studio-schedule,artist,/studio,A,Back,/business,False,Rendered in isolated fixture; see input/tab checks and focused outcomes
artist-studio-schedule,artist,/studio,A,Your business,/business,False,Rendered in isolated fixture; see input/tab checks and focused outcomes
artist-studio-schedule,artist,/studio,tab,Schedule,,False,Rendered in isolated fixture; see input/tab checks and focused outcomes
artist-studio-schedule,artist,/studio,tab,Team,,False,Rendered in isolated fixture; see input/tab checks and focused outcomes
artist-studio-schedule,artist,/studio,tab,Billing,,False,Rendered in isolated fixture; see input/tab checks and focused outcomes
artist-studio-schedule,artist,/studio,A,Your invitations,/studio?view=invitations,False,Rendered in isolated fixture; see input/tab checks and focused outcomes
artist-studio-schedule,artist,/studio,button,Previous week,,False,Rendered in isolated fixture; see input/tab checks and focused outcomes
artist-studio-schedule,artist,/studio,button,This week,,False,Rendered in isolated fixture; see input/tab checks and focused outcomes
artist-studio-schedule,artist,/studio,button,Next week,,False,Rendered in isolated fixture; see input/tab checks and focused outcomes
artist-studio-schedule,artist,/studio,SELECT,"Artist
All artists
Ella Morgan
Oliver Grant",,False,Rendered in isolated fixture; see input/tab checks and focused outcomes
artist-studio-schedule,artist,/studio,button,"Botanical sleeve
Thu, 10 Sept, 10:00 am · Ella Morgan · Mia Chen
confirmed",,False,Rendered in isolated fixture; see input/tab checks and focused outcomes
artist-studio-schedule,artist,/studio,button,"Geometric shoulder
Thu, 10 Sept, 2:00 pm · Ella Morgan · Oliver James
confirmed",,False,Rendered in isolated fixture; see input/tab checks and focused outcomes
artist-studio-schedule,artist,/studio,A,Today,/dashboard,False,Rendered in isolated fixture; see input/tab checks and focused outcomes
artist-studio-schedule,artist,/studio,A,"2
Messages",/conversations,False,Rendered in isolated fixture; see input/tab checks and focused outcomes
artist-studio-schedule,artist,/studio,A,Calendar,/calendar,False,Rendered in isolated fixture; see input/tab checks and focused outcomes
artist-studio-schedule,artist,/studio,A,Profile,/artist-profile,False,Rendered in isolated fixture; see input/tab checks and focused outcomes
artist-studio-team,artist,/studio?view=Team,A,Back,/business,False,Rendered in isolated fixture; see input/tab checks and focused outcomes
artist-studio-team,artist,/studio?view=Team,A,Your business,/business,False,Rendered in isolated fixture; see input/tab checks and focused outcomes
artist-studio-team,artist,/studio?view=Team,tab,Schedule,,False,Rendered in isolated fixture; see input/tab checks and focused outcomes
artist-studio-team,artist,/studio?view=Team,tab,Team,,False,Rendered in isolated fixture; see input/tab checks and focused outcomes
artist-studio-team,artist,/studio?view=Team,tab,Billing,,False,Rendered in isolated fixture; see input/tab checks and focused outcomes
artist-studio-team,artist,/studio?view=Team,A,Your invitations,/studio?view=invitations,False,Rendered in isolated fixture; see input/tab checks and focused outcomes
artist-studio-team,artist,/studio?view=Team,button,Leave,,False,Rendered in isolated fixture; see input/tab checks and focused outcomes
artist-studio-team,artist,/studio?view=Team,button,Remove,,False,Rendered in isolated fixture; see input/tab checks and focused outcomes
artist-studio-team,artist,/studio?view=Team,email,Artist email,,False,Rendered in isolated fixture; see input/tab checks and focused outcomes
artist-studio-team,artist,/studio?view=Team,SELECT,"Role
Artist
Manager
Managers can invite artists and view the studio schedule.",,False,Rendered in isolated fixture; see input/tab checks and focused outcomes
artist-studio-team,artist,/studio?view=Team,submit,Send invitation,,True,Rendered in isolated fixture; see input/tab checks and focused outcomes
artist-studio-team,artist,/studio?view=Team,A,Today,/dashboard,False,Rendered in isolated fixture; see input/tab checks and focused outcomes
artist-studio-team,artist,/studio?view=Team,A,"2
Messages",/conversations,False,Rendered in isolated fixture; see input/tab checks and focused outcomes
artist-studio-team,artist,/studio?view=Team,A,Calendar,/calendar,False,Rendered in isolated fixture; see input/tab checks and focused outcomes
artist-studio-team,artist,/studio?view=Team,A,Profile,/artist-profile,False,Rendered in isolated fixture; see input/tab checks and focused outcomes
artist-studio-billing,artist,/studio?view=Billing,A,Back,/business,False,Rendered in isolated fixture; see input/tab checks and focused outcomes
artist-studio-billing,artist,/studio?view=Billing,A,Your business,/business,False,Rendered in isolated fixture; see input/tab checks and focused outcomes
artist-studio-billing,artist,/studio?view=Billing,tab,Schedule,,False,Rendered in isolated fixture; see input/tab checks and focused outcomes
artist-studio-billing,artist,/studio?view=Billing,tab,Team,,False,Rendered in isolated fixture; see input/tab checks and focused outcomes
artist-studio-billing,artist,/studio?view=Billing,tab,Billing,,False,Rendered in isolated fixture; see input/tab checks and focused outcomes
artist-studio-billing,artist,/studio?view=Billing,A,Your invitations,/studio?view=invitations,False,Rendered in isolated fixture; see input/tab checks and focused outcomes
artist-studio-billing,artist,/studio?view=Billing,button,Manage Studio billing,,False,Rendered in isolated fixture; see input/tab checks and focused outcomes
artist-studio-billing,artist,/studio?view=Billing,button,Refresh billing status,,False,Rendered in isolated fixture; see input/tab checks and focused outcomes
artist-studio-billing,artist,/studio?view=Billing,A,Today,/dashboard,False,Rendered in isolated fixture; see input/tab checks and focused outcomes
artist-studio-billing,artist,/studio?view=Billing,A,"2
Messages",/conversations,False,Rendered in isolated fixture; see input/tab checks and focused outcomes
artist-studio-billing,artist,/studio?view=Billing,A,Calendar,/calendar,False,Rendered in isolated fixture; see input/tab checks and focused outcomes
artist-studio-billing,artist,/studio?view=Billing,A,Profile,/artist-profile,False,Rendered in isolated fixture; see input/tab checks and focused outcomes
artist-studio-invitations,artist,/studio?view=invitations,A,Back,/studio,False,Rendered in isolated fixture; see input/tab checks and focused outcomes
artist-studio-invitations,artist,/studio?view=invitations,A,Your business,/business,False,Rendered in isolated fixture; see input/tab checks and focused outcomes
artist-studio-invitations,artist,/studio?view=invitations,A,Today,/dashboard,False,Rendered in isolated fixture; see input/tab checks and focused outcomes
artist-studio-invitations,artist,/studio?view=invitations,A,"2
Messages",/conversations,False,Rendered in isolated fixture; see input/tab checks and focused outcomes
artist-studio-invitations,artist,/studio?view=invitations,A,Calendar,/calendar,False,Rendered in isolated fixture; see input/tab checks and focused outcomes
artist-studio-invitations,artist,/studio?view=invitations,A,Profile,/artist-profile,False,Rendered in isolated fixture; see input/tab checks and focused outcomes
client-settings-profile,client,/settings?section=profile,A,Back,/settings,False,Rendered in isolated fixture; see input/tab checks and focused outcomes
client-settings-profile,client,/settings?section=profile,A,Your profile,/profile,False,Rendered in isolated fixture; see input/tab checks and focused outcomes
client-settings-profile,client,/settings?section=profile,file,Profile photo,,False,Rendered in isolated fixture; see input/tab checks and focused outcomes
client-settings-profile,client,/settings?section=profile,INPUT,Full name,,False,Rendered in isolated fixture; see input/tab checks and focused outcomes
client-settings-profile,client,/settings?section=profile,tel,Phone,,False,Rendered in isolated fixture; see input/tab checks and focused outcomes
client-settings-profile,client,/settings?section=profile,INPUT,City,,False,Rendered in isolated fixture; see input/tab checks and focused outcomes
client-settings-profile,client,/settings?section=profile,INPUT,Country,,False,Rendered in isolated fixture; see input/tab checks and focused outcomes
client-settings-profile,client,/settings?section=profile,date,Date of birth,,False,Rendered in isolated fixture; see input/tab checks and focused outcomes
client-settings-profile,client,/settings?section=profile,SELECT,Gender,,False,Rendered in isolated fixture; see input/tab checks and focused outcomes
client-settings-profile,client,/settings?section=profile,TEXTAREA,About you,,False,Rendered in isolated fixture; see input/tab checks and focused outcomes
client-settings-profile,client,/settings?section=profile,INPUT,Instagram username,,False,Rendered in isolated fixture; see input/tab checks and focused outcomes
client-settings-profile,client,/settings?section=profile,submit,Save profile,,False,Rendered in isolated fixture; see input/tab checks and focused outcomes
client-settings-profile,client,/settings?section=profile,A,Discover,/discover,False,Rendered in isolated fixture; see input/tab checks and focused outcomes
client-settings-profile,client,/settings?section=profile,A,"2
Messages",/conversations,False,Rendered in isolated fixture; see input/tab checks and focused outcomes
client-settings-profile,client,/settings?section=profile,A,Bookings,/bookings,False,Rendered in isolated fixture; see input/tab checks and focused outcomes
client-settings-profile,client,/settings?section=profile,A,Profile,/profile,False,Rendered in isolated fixture; see input/tab checks and focused outcomes
client-settings-notifications,client,/settings?section=notifications,A,Back,/settings,False,Rendered in isolated fixture; see input/tab checks and focused outcomes
client-settings-notifications,client,/settings?section=notifications,A,Your profile,/profile,False,Rendered in isolated fixture; see input/tab checks and focused outcomes
client-settings-notifications,client,/settings?section=notifications,button,Enable notifications,,False,Rendered in isolated fixture; see input/tab checks and focused outcomes
client-settings-notifications,client,/settings?section=notifications,A,Discover,/discover,False,Rendered in isolated fixture; see input/tab checks and focused outcomes
client-settings-notifications,client,/settings?section=notifications,A,"2
Messages",/conversations,False,Rendered in isolated fixture; see input/tab checks and focused outcomes
client-settings-notifications,client,/settings?section=notifications,A,Bookings,/bookings,False,Rendered in isolated fixture; see input/tab checks and focused outcomes
client-settings-notifications,client,/settings?section=notifications,A,Profile,/profile,False,Rendered in isolated fixture; see input/tab checks and focused outcomes
client-settings,client,/settings,A,Back,/bookings,False,Rendered in isolated fixture; see input/tab checks and focused outcomes
client-settings,client,/settings,A,Your profile,/profile,False,Rendered in isolated fixture; see input/tab checks and focused outcomes
client-settings,client,/settings,A,"MC
Mia Chen",/settings?section=profile,False,Rendered in isolated fixture; see input/tab checks and focused outcomes
client-settings,client,/settings,search,Find a setting,,False,Rendered in isolated fixture; see input/tab checks and focused outcomes
client-settings,client,/settings,A,"Profile
Name, photo and contact details",/settings?section=profile,False,Rendered in isolated fixture; see input/tab checks and focused outcomes
client-settings,client,/settings,A,"Notifications
Device alerts for updates and messages",/settings?section=notifications,False,Rendered in isolated fixture; see input/tab checks and focused outcomes
client-settings,client,/settings,A,"Guided walkthroughs
Learn each workflow",/settings?section=how-tos,False,Rendered in isolated fixture; see input/tab checks and focused outcomes
client-settings,client,/settings,A,"Delete account
Account and data removal",/settings?section=danger-zone,False,Rendered in isolated fixture; see input/tab checks and focused outcomes
client-settings,client,/settings,switch,Dark appearance,,False,Rendered in isolated fixture; see input/tab checks and focused outcomes
client-settings,client,/settings,button,"Reload latest version
Version 3.2.3",,False,Rendered in isolated fixture; see input/tab checks and focused outcomes
client-settings,client,/settings,button,Sign out,,False,Rendered in isolated fixture; see input/tab checks and focused outcomes
client-settings,client,/settings,A,Discover,/discover,False,Rendered in isolated fixture; see input/tab checks and focused outcomes
client-settings,client,/settings,A,"2
Messages",/conversations,False,Rendered in isolated fixture; see input/tab checks and focused outcomes
client-settings,client,/settings,A,Bookings,/bookings,False,Rendered in isolated fixture; see input/tab checks and focused outcomes
client-settings,client,/settings,A,Profile,/profile,False,Rendered in isolated fixture; see input/tab checks and focused outcomes
client-settings-how-tos,client,/settings?section=how-tos,A,Back,/settings,False,Rendered in isolated fixture; see input/tab checks and focused outcomes
client-settings-how-tos,client,/settings?section=how-tos,A,Your profile,/profile,False,Rendered in isolated fixture; see input/tab checks and focused outcomes
client-settings-how-tos,client,/settings?section=how-tos,search,Find a walkthrough,,False,Rendered in isolated fixture; see input/tab checks and focused outcomes
client-settings-how-tos,client,/settings?section=how-tos,button,"Follow your booking
2 steps · no changes made automatically",,False,Rendered in isolated fixture; see input/tab checks and focused outcomes
client-settings-how-tos,client,/settings?section=how-tos,button,"Talk with your artist
2 steps · no changes made automatically",,False,Rendered in isolated fixture; see input/tab checks and focused outcomes
client-settings-how-tos,client,/settings?section=how-tos,button,"Prepare for your appointment
2 steps · no changes made automatically",,False,Rendered in isolated fixture; see input/tab checks and focused outcomes
client-settings-how-tos,client,/settings?section=how-tos,A,Discover,/discover,False,Rendered in isolated fixture; see input/tab checks and focused outcomes
client-settings-how-tos,client,/settings?section=how-tos,A,"2
Messages",/conversations,False,Rendered in isolated fixture; see input/tab checks and focused outcomes
client-settings-how-tos,client,/settings?section=how-tos,A,Bookings,/bookings,False,Rendered in isolated fixture; see input/tab checks and focused outcomes
client-settings-how-tos,client,/settings?section=how-tos,A,Profile,/profile,False,Rendered in isolated fixture; see input/tab checks and focused outcomes
client-settings-danger-zone,client,/settings?section=danger-zone,A,Back,/settings,False,Rendered in isolated fixture; see input/tab checks and focused outcomes
client-settings-danger-zone,client,/settings?section=danger-zone,A,Your profile,/profile,False,Rendered in isolated fixture; see input/tab checks and focused outcomes
client-settings-danger-zone,client,/settings?section=danger-zone,INPUT,Type DELETE to confirm,,False,Rendered in isolated fixture; see input/tab checks and focused outcomes
client-settings-danger-zone,client,/settings?section=danger-zone,submit,Permanently delete account,,True,Rendered in isolated fixture; see input/tab checks and focused outcomes
client-settings-danger-zone,client,/settings?section=danger-zone,A,Discover,/discover,False,Rendered in isolated fixture; see input/tab checks and focused outcomes
client-settings-danger-zone,client,/settings?section=danger-zone,A,"2
Messages",/conversations,False,Rendered in isolated fixture; see input/tab checks and focused outcomes
client-settings-danger-zone,client,/settings?section=danger-zone,A,Bookings,/bookings,False,Rendered in isolated fixture; see input/tab checks and focused outcomes
client-settings-danger-zone,client,/settings?section=danger-zone,A,Profile,/profile,False,Rendered in isolated fixture; see input/tab checks and focused outcomes
artist-settings,artist,/settings,A,Back,/business,False,Rendered in isolated fixture; see input/tab checks and focused outcomes
artist-settings,artist,/settings,A,Your business,/business,False,Rendered in isolated fixture; see input/tab checks and focused outcomes
artist-settings,artist,/settings,A,"EM
Ella Morgan",/settings?section=profile,False,Rendered in isolated fixture; see input/tab checks and focused outcomes
artist-settings,artist,/settings,search,Find a setting,,False,Rendered in isolated fixture; see input/tab checks and focused outcomes
artist-settings,artist,/settings,A,"Profile
Name, photo and contact details",/settings?section=profile,False,Rendered in isolated fixture; see input/tab checks and focused outcomes
artist-settings,artist,/settings,A,"Notifications
Device alerts and saved message templates",/settings?section=notifications,False,Rendered in isolated fixture; see input/tab checks and focused outcomes
artist-settings,artist,/settings,A,"Business details
Location, contact information and licence",/settings?section=business,False,Rendered in isolated fixture; see input/tab checks and focused outcomes
artist-settings,artist,/settings,A,"Working hours & services
Availability, duration and pricing",/work-hours,False,Rendered in isolated fixture; see input/tab checks and focused outcomes
artist-settings,artist,/settings,A,"Booking link
Client entry and intake settings",/settings?section=booking-link,False,Rendered in isolated fixture; see input/tab checks and focused outcomes
artist-settings,artist,/settings,A,"Travel & guest spots
Dates, destinations and nearby clients",/settings?section=travel,False,Rendered in isolated fixture; see input/tab checks and focused outcomes
artist-settings,artist,/settings,A,"Forms & consent
Consent and medical templates",/settings?section=regulation,False,Rendered in isolated fixture; see input/tab checks and focused outcomes
artist-settings,artist,/settings,A,"Bank payouts
Payment account and verification",/bank-payouts,False,Rendered in isolated fixture; see input/tab checks and focused outcomes
artist-settings,artist,/settings,A,"Your plan
Free, Pro and Studio",/subscriptions,False,Rendered in isolated fixture; see input/tab checks and focused outcomes
artist-settings,artist,/settings,A,"Studio
Team and shared workspace",/studio,False,Rendered in isolated fixture; see input/tab checks and focused outcomes
artist-settings,artist,/settings,A,"Import clients
Bring your existing records",/settings?section=data-import,False,Rendered in isolated fixture; see input/tab checks and focused outcomes
artist-settings,artist,/settings,A,"Instagram import
Manage connected portfolio media",/settings?section=instagram,False,Rendered in isolated fixture; see input/tab checks and focused outcomes
artist-settings,artist,/settings,A,"Guided walkthroughs
Learn each workflow",/settings?section=how-tos,False,Rendered in isolated fixture; see input/tab checks and focused outcomes
artist-settings,artist,/settings,A,"Delete account
Account and data removal",/settings?section=danger-zone,False,Rendered in isolated fixture; see input/tab checks and focused outcomes
artist-settings,artist,/settings,switch,Dark appearance,,False,Rendered in isolated fixture; see input/tab checks and focused outcomes
artist-settings,artist,/settings,button,"Reload latest version
Version 3.2.3",,False,Rendered in isolated fixture; see input/tab checks and focused outcomes
artist-settings,artist,/settings,button,Sign out,,False,Rendered in isolated fixture; see input/tab checks and focused outcomes
artist-settings,artist,/settings,A,Today,/dashboard,False,Rendered in isolated fixture; see input/tab checks and focused outcomes
artist-settings,artist,/settings,A,"2
Messages",/conversations,False,Rendered in isolated fixture; see input/tab checks and focused outcomes
artist-settings,artist,/settings,A,Calendar,/calendar,False,Rendered in isolated fixture; see input/tab checks and focused outcomes
artist-settings,artist,/settings,A,Profile,/artist-profile,False,Rendered in isolated fixture; see input/tab checks and focused outcomes
artist-settings-notifications,artist,/settings?section=notifications,A,Back,/settings,False,Rendered in isolated fixture; see input/tab checks and focused outcomes
artist-settings-notifications,artist,/settings?section=notifications,A,Your business,/business,False,Rendered in isolated fixture; see input/tab checks and focused outcomes
artist-settings-notifications,artist,/settings?section=notifications,button,Enable notifications,,False,Rendered in isolated fixture; see input/tab checks and focused outcomes
artist-settings-notifications,artist,/settings?section=notifications,button,Add template,,False,Rendered in isolated fixture; see input/tab checks and focused outcomes
artist-settings-notifications,artist,/settings?section=notifications,A,Today,/dashboard,False,Rendered in isolated fixture; see input/tab checks and focused outcomes
artist-settings-notifications,artist,/settings?section=notifications,A,"2
Messages",/conversations,False,Rendered in isolated fixture; see input/tab checks and focused outcomes
artist-settings-notifications,artist,/settings?section=notifications,A,Calendar,/calendar,False,Rendered in isolated fixture; see input/tab checks and focused outcomes
artist-settings-notifications,artist,/settings?section=notifications,A,Profile,/artist-profile,False,Rendered in isolated fixture; see input/tab checks and focused outcomes
artist-settings-profile,artist,/settings?section=profile,A,Back,/settings,False,Rendered in isolated fixture; see input/tab checks and focused outcomes
artist-settings-profile,artist,/settings?section=profile,A,Your business,/business,False,Rendered in isolated fixture; see input/tab checks and focused outcomes
artist-settings-profile,artist,/settings?section=profile,file,Profile photo,,False,Rendered in isolated fixture; see input/tab checks and focused outcomes
artist-settings-profile,artist,/settings?section=profile,INPUT,Full name,,False,Rendered in isolated fixture; see input/tab checks and focused outcomes
artist-settings-profile,artist,/settings?section=profile,tel,Phone,,False,Rendered in isolated fixture; see input/tab checks and focused outcomes
artist-settings-profile,artist,/settings?section=profile,INPUT,City,,False,Rendered in isolated fixture; see input/tab checks and focused outcomes
artist-settings-profile,artist,/settings?section=profile,INPUT,Country,,False,Rendered in isolated fixture; see input/tab checks and focused outcomes
artist-settings-profile,artist,/settings?section=profile,date,Date of birth,,False,Rendered in isolated fixture; see input/tab checks and focused outcomes
artist-settings-profile,artist,/settings?section=profile,SELECT,Gender,,False,Rendered in isolated fixture; see input/tab checks and focused outcomes
artist-settings-profile,artist,/settings?section=profile,TEXTAREA,About you,,False,Rendered in isolated fixture; see input/tab checks and focused outcomes
artist-settings-profile,artist,/settings?section=profile,INPUT,Instagram username,,False,Rendered in isolated fixture; see input/tab checks and focused outcomes
artist-settings-profile,artist,/settings?section=profile,submit,Save profile,,False,Rendered in isolated fixture; see input/tab checks and focused outcomes
artist-settings-profile,artist,/settings?section=profile,A,Today,/dashboard,False,Rendered in isolated fixture; see input/tab checks and focused outcomes
artist-settings-profile,artist,/settings?section=profile,A,"2
Messages",/conversations,False,Rendered in isolated fixture; see input/tab checks and focused outcomes
artist-settings-profile,artist,/settings?section=profile,A,Calendar,/calendar,False,Rendered in isolated fixture; see input/tab checks and focused outcomes
artist-settings-profile,artist,/settings?section=profile,A,Profile,/artist-profile,False,Rendered in isolated fixture; see input/tab checks and focused outcomes
artist-settings-how-tos,artist,/settings?section=how-tos,A,Back,/settings,False,Rendered in isolated fixture; see input/tab checks and focused outcomes
artist-settings-how-tos,artist,/settings?section=how-tos,A,Your business,/business,False,Rendered in isolated fixture; see input/tab checks and focused outcomes
artist-settings-how-tos,artist,/settings?section=how-tos,search,Find a walkthrough,,False,Rendered in isolated fixture; see input/tab checks and focused outcomes
artist-settings-how-tos,artist,/settings?section=how-tos,button,"Run your day
2 steps · no changes made automatically",,False,Rendered in isolated fixture; see input/tab checks and focused outcomes
artist-settings-how-tos,artist,/settings?section=how-tos,button,"Plan a booking
3 steps · no changes made automatically",,False,Rendered in isolated fixture; see input/tab checks and focused outcomes
artist-settings-how-tos,artist,/settings?section=how-tos,button,"Turn an enquiry into a booking
2 steps · no changes made automatically",,False,Rendered in isolated fixture; see input/tab checks and focused outcomes
artist-settings-how-tos,artist,/settings?section=how-tos,button,"Keep client details together
2 steps · no changes made automatically",,False,Rendered in isolated fixture; see input/tab checks and focused outcomes
artist-settings-how-tos,artist,/settings?section=how-tos,button,"Set working hours and services
2 steps · no changes made automatically",,False,Rendered in isolated fixture; see input/tab checks and focused outcomes
artist-settings-how-tos,artist,/settings?section=how-tos,button,"Share your booking link
2 steps · no changes made automatically",,False,Rendered in isolated fixture; see input/tab checks and focused outcomes
artist-settings-how-tos,artist,/settings?section=how-tos,button,"Track payments and refunds
2 steps · no changes made automatically",,False,Rendered in isolated fixture; see input/tab checks and focused outcomes
artist-settings-how-tos,artist,/settings?section=how-tos,button,"Set up bank payouts
2 steps · no changes made automatically",,False,Rendered in isolated fixture; see input/tab checks and focused outcomes
artist-settings-how-tos,artist,/settings?section=how-tos,button,"Manage forms and consent
2 steps · no changes made automatically",,False,Rendered in isolated fixture; see input/tab checks and focused outcomes
artist-settings-how-tos,artist,/settings?section=how-tos,button,"Fill a cancellation
2 steps · no changes made automatically",,False,Rendered in isolated fixture; see input/tab checks and focused outcomes
artist-settings-how-tos,artist,/settings?section=how-tos,button,"Work as a studio
3 steps · no changes made automatically",,False,Rendered in isolated fixture; see input/tab checks and focused outcomes
artist-settings-how-tos,artist,/settings?section=how-tos,button,"Plan a guest spot
2 steps · no changes made automatically",,False,Rendered in isolated fixture; see input/tab checks and focused outcomes
artist-settings-how-tos,artist,/settings?section=how-tos,button,"Import existing client records
2 steps · no changes made automatically",,False,Rendered in isolated fixture; see input/tab checks and focused outcomes
artist-settings-how-tos,artist,/settings?section=how-tos,button,"Import Instagram work
2 steps · no changes made automatically",,False,Rendered in isolated fixture; see input/tab checks and focused outcomes
artist-settings-how-tos,artist,/settings?section=how-tos,button,"Order studio supplies
2 steps · no changes made automatically",,False,Rendered in isolated fixture; see input/tab checks and focused outcomes
artist-settings-how-tos,artist,/settings?section=how-tos,button,"Manage reminders and message templates
2 steps · no changes made automatically",,False,Rendered in isolated fixture; see input/tab checks and focused outcomes
artist-settings-how-tos,artist,/settings?section=how-tos,button,"Choose your artist plan
2 steps · no changes made automatically",,False,Rendered in isolated fixture; see input/tab checks and focused outcomes
artist-settings-how-tos,artist,/settings?section=how-tos,A,Today,/dashboard,False,Rendered in isolated fixture; see input/tab checks and focused outcomes
artist-settings-how-tos,artist,/settings?section=how-tos,A,"2
Messages",/conversations,False,Rendered in isolated fixture; see input/tab checks and focused outcomes
artist-settings-how-tos,artist,/settings?section=how-tos,A,Calendar,/calendar,False,Rendered in isolated fixture; see input/tab checks and focused outcomes
artist-settings-how-tos,artist,/settings?section=how-tos,A,Profile,/artist-profile,False,Rendered in isolated fixture; see input/tab checks and focused outcomes
artist-settings-danger-zone,artist,/settings?section=danger-zone,A,Back,/settings,False,Rendered in isolated fixture; see input/tab checks and focused outcomes
artist-settings-danger-zone,artist,/settings?section=danger-zone,A,Your business,/business,False,Rendered in isolated fixture; see input/tab checks and focused outcomes
artist-settings-danger-zone,artist,/settings?section=danger-zone,INPUT,Type DELETE to confirm,,False,Rendered in isolated fixture; see input/tab checks and focused outcomes
artist-settings-danger-zone,artist,/settings?section=danger-zone,submit,Permanently delete account,,True,Rendered in isolated fixture; see input/tab checks and focused outcomes
artist-settings-danger-zone,artist,/settings?section=danger-zone,A,Today,/dashboard,False,Rendered in isolated fixture; see input/tab checks and focused outcomes
artist-settings-danger-zone,artist,/settings?section=danger-zone,A,"2
Messages",/conversations,False,Rendered in isolated fixture; see input/tab checks and focused outcomes
artist-settings-danger-zone,artist,/settings?section=danger-zone,A,Calendar,/calendar,False,Rendered in isolated fixture; see input/tab checks and focused outcomes
artist-settings-danger-zone,artist,/settings?section=danger-zone,A,Profile,/artist-profile,False,Rendered in isolated fixture; see input/tab checks and focused outcomes
merchant-settings-profile,merchant,/account-settings?section=profile,A,Back,/account-settings,False,Rendered in isolated fixture; see input/tab checks and focused outcomes
merchant-settings-profile,merchant,/account-settings?section=profile,A,Store settings,/settings,False,Rendered in isolated fixture; see input/tab checks and focused outcomes
merchant-settings-profile,merchant,/account-settings?section=profile,file,Profile photo,,False,Rendered in isolated fixture; see input/tab checks and focused outcomes
merchant-settings-profile,merchant,/account-settings?section=profile,INPUT,Full name,,False,Rendered in isolated fixture; see input/tab checks and focused outcomes
merchant-settings-profile,merchant,/account-settings?section=profile,tel,Phone,,False,Rendered in isolated fixture; see input/tab checks and focused outcomes
merchant-settings-profile,merchant,/account-settings?section=profile,INPUT,City,,False,Rendered in isolated fixture; see input/tab checks and focused outcomes
merchant-settings-profile,merchant,/account-settings?section=profile,INPUT,Country,,False,Rendered in isolated fixture; see input/tab checks and focused outcomes
merchant-settings-profile,merchant,/account-settings?section=profile,date,Date of birth,,False,Rendered in isolated fixture; see input/tab checks and focused outcomes
merchant-settings-profile,merchant,/account-settings?section=profile,SELECT,Gender,,False,Rendered in isolated fixture; see input/tab checks and focused outcomes
merchant-settings-profile,merchant,/account-settings?section=profile,TEXTAREA,About you,,False,Rendered in isolated fixture; see input/tab checks and focused outcomes
merchant-settings-profile,merchant,/account-settings?section=profile,INPUT,Instagram username,,False,Rendered in isolated fixture; see input/tab checks and focused outcomes
merchant-settings-profile,merchant,/account-settings?section=profile,submit,Save profile,,False,Rendered in isolated fixture; see input/tab checks and focused outcomes
merchant-settings-profile,merchant,/account-settings?section=profile,A,Home,/dashboard,False,Rendered in isolated fixture; see input/tab checks and focused outcomes
merchant-settings-profile,merchant,/account-settings?section=profile,A,Orders,/merchant/orders,False,Rendered in isolated fixture; see input/tab checks and focused outcomes
merchant-settings-profile,merchant,/account-settings?section=profile,A,Products,/merchant/products,False,Rendered in isolated fixture; see input/tab checks and focused outcomes
merchant-settings-profile,merchant,/account-settings?section=profile,A,"2
Messages",/conversations,False,Rendered in isolated fixture; see input/tab checks and focused outcomes
merchant-settings,merchant,/account-settings,A,Back,/settings,False,Rendered in isolated fixture; see input/tab checks and focused outcomes
merchant-settings,merchant,/account-settings,A,Store settings,/settings,False,Rendered in isolated fixture; see input/tab checks and focused outcomes
merchant-settings,merchant,/account-settings,A,"SS
Studio Supply",/account-settings?section=profile,False,Rendered in isolated fixture; see input/tab checks and focused outcomes
merchant-settings,merchant,/account-settings,search,Find a setting,,False,Rendered in isolated fixture; see input/tab checks and focused outcomes
merchant-settings,merchant,/account-settings,A,"Profile
Name, photo and contact details",/account-settings?section=profile,False,Rendered in isolated fixture; see input/tab checks and focused outcomes
merchant-settings,merchant,/account-settings,A,"Notifications
Device alerts for updates and messages",/account-settings?section=notifications,False,Rendered in isolated fixture; see input/tab checks and focused outcomes
merchant-settings,merchant,/account-settings,A,"Guided walkthroughs
Learn each workflow",/account-settings?section=how-tos,False,Rendered in isolated fixture; see input/tab checks and focused outcomes
merchant-settings,merchant,/account-settings,A,"Delete account
Account and data removal",/account-settings?section=danger-zone,False,Rendered in isolated fixture; see input/tab checks and focused outcomes
merchant-settings,merchant,/account-settings,switch,Dark appearance,,False,Rendered in isolated fixture; see input/tab checks and focused outcomes
merchant-settings,merchant,/account-settings,button,"Reload latest version
Version 3.2.3",,False,Rendered in isolated fixture; see input/tab checks and focused outcomes
merchant-settings,merchant,/account-settings,button,Sign out,,False,Rendered in isolated fixture; see input/tab checks and focused outcomes
merchant-settings,merchant,/account-settings,A,Home,/dashboard,False,Rendered in isolated fixture; see input/tab checks and focused outcomes
merchant-settings,merchant,/account-settings,A,Orders,/merchant/orders,False,Rendered in isolated fixture; see input/tab checks and focused outcomes
merchant-settings,merchant,/account-settings,A,Products,/merchant/products,False,Rendered in isolated fixture; see input/tab checks and focused outcomes
merchant-settings,merchant,/account-settings,A,"2
Messages",/conversations,False,Rendered in isolated fixture; see input/tab checks and focused outcomes
merchant-settings-notifications,merchant,/account-settings?section=notifications,A,Back,/account-settings,False,Rendered in isolated fixture; see input/tab checks and focused outcomes
merchant-settings-notifications,merchant,/account-settings?section=notifications,A,Store settings,/settings,False,Rendered in isolated fixture; see input/tab checks and focused outcomes
merchant-settings-notifications,merchant,/account-settings?section=notifications,button,Enable notifications,,False,Rendered in isolated fixture; see input/tab checks and focused outcomes
merchant-settings-notifications,merchant,/account-settings?section=notifications,A,Home,/dashboard,False,Rendered in isolated fixture; see input/tab checks and focused outcomes
merchant-settings-notifications,merchant,/account-settings?section=notifications,A,Orders,/merchant/orders,False,Rendered in isolated fixture; see input/tab checks and focused outcomes
merchant-settings-notifications,merchant,/account-settings?section=notifications,A,Products,/merchant/products,False,Rendered in isolated fixture; see input/tab checks and focused outcomes
merchant-settings-notifications,merchant,/account-settings?section=notifications,A,"2
Messages",/conversations,False,Rendered in isolated fixture; see input/tab checks and focused outcomes
merchant-settings-how-tos,merchant,/account-settings?section=how-tos,A,Back,/account-settings,False,Rendered in isolated fixture; see input/tab checks and focused outcomes
merchant-settings-how-tos,merchant,/account-settings?section=how-tos,A,Store settings,/settings,False,Rendered in isolated fixture; see input/tab checks and focused outcomes
merchant-settings-how-tos,merchant,/account-settings?section=how-tos,search,Find a walkthrough,,False,Rendered in isolated fixture; see input/tab checks and focused outcomes
merchant-settings-how-tos,merchant,/account-settings?section=how-tos,button,"Review your store day
2 steps · no changes made automatically",,False,Rendered in isolated fixture; see input/tab checks and focused outcomes
merchant-settings-how-tos,merchant,/account-settings?section=how-tos,button,"Review your Shopify catalogue
2 steps · no changes made automatically",,False,Rendered in isolated fixture; see input/tab checks and focused outcomes
merchant-settings-how-tos,merchant,/account-settings?section=how-tos,button,"Fulfil an order
2 steps · no changes made automatically",,False,Rendered in isolated fixture; see input/tab checks and focused outcomes
merchant-settings-how-tos,merchant,/account-settings?section=how-tos,button,"Connect supplier payments
2 steps · no changes made automatically",,False,Rendered in isolated fixture; see input/tab checks and focused outcomes
merchant-settings-how-tos,merchant,/account-settings?section=how-tos,button,"Import your Shopify catalogue
2 steps · no changes made automatically",,False,Rendered in isolated fixture; see input/tab checks and focused outcomes
merchant-settings-how-tos,merchant,/account-settings?section=how-tos,button,"Update your business details
2 steps · no changes made automatically",,False,Rendered in isolated fixture; see input/tab checks and focused outcomes
merchant-settings-how-tos,merchant,/account-settings?section=how-tos,A,Home,/dashboard,False,Rendered in isolated fixture; see input/tab checks and focused outcomes
merchant-settings-how-tos,merchant,/account-settings?section=how-tos,A,Orders,/merchant/orders,False,Rendered in isolated fixture; see input/tab checks and focused outcomes
merchant-settings-how-tos,merchant,/account-settings?section=how-tos,A,Products,/merchant/products,False,Rendered in isolated fixture; see input/tab checks and focused outcomes
merchant-settings-how-tos,merchant,/account-settings?section=how-tos,A,"2
Messages",/conversations,False,Rendered in isolated fixture; see input/tab checks and focused outcomes
merchant-settings-danger-zone,merchant,/account-settings?section=danger-zone,A,Back,/account-settings,False,Rendered in isolated fixture; see input/tab checks and focused outcomes
merchant-settings-danger-zone,merchant,/account-settings?section=danger-zone,A,Store settings,/settings,False,Rendered in isolated fixture; see input/tab checks and focused outcomes
merchant-settings-danger-zone,merchant,/account-settings?section=danger-zone,INPUT,Type DELETE to confirm,,False,Rendered in isolated fixture; see input/tab checks and focused outcomes
merchant-settings-danger-zone,merchant,/account-settings?section=danger-zone,submit,Permanently delete account,,True,Rendered in isolated fixture; see input/tab checks and focused outcomes
merchant-settings-danger-zone,merchant,/account-settings?section=danger-zone,A,Home,/dashboard,False,Rendered in isolated fixture; see input/tab checks and focused outcomes
merchant-settings-danger-zone,merchant,/account-settings?section=danger-zone,A,Orders,/merchant/orders,False,Rendered in isolated fixture; see input/tab checks and focused outcomes
merchant-settings-danger-zone,merchant,/account-settings?section=danger-zone,A,Products,/merchant/products,False,Rendered in isolated fixture; see input/tab checks and focused outcomes
merchant-settings-danger-zone,merchant,/account-settings?section=danger-zone,A,"2
Messages",/conversations,False,Rendered in isolated fixture; see input/tab checks and focused outcomes
artist-settings-business,artist,/settings?section=business,A,Back,/settings,False,Rendered in isolated fixture; see input/tab checks and focused outcomes
artist-settings-business,artist,/settings?section=business,A,Your business,/business,False,Rendered in isolated fixture; see input/tab checks and focused outcomes
artist-settings-business,artist,/settings?section=business,INPUT,Business name,,False,Rendered in isolated fixture; see input/tab checks and focused outcomes
artist-settings-business,artist,/settings?section=business,INPUT,Public display name,,False,Rendered in isolated fixture; see input/tab checks and focused outcomes
artist-settings-business,artist,/settings?section=business,email,Business email,,False,Rendered in isolated fixture; see input/tab checks and focused outcomes
artist-settings-business,artist,/settings?section=business,TEXTAREA,Studio address,,False,Rendered in isolated fixture; see input/tab checks and focused outcomes
artist-settings-business,artist,/settings?section=business,SELECT,"Country
Australia
New Zealand",,False,Rendered in isolated fixture; see input/tab checks and focused outcomes
artist-settings-business,artist,/settings?section=business,INPUT,Licence number,,False,Rendered in isolated fixture; see input/tab checks and focused outcomes
artist-settings-business,artist,/settings?section=business,number,Reschedule notice · hours,,False,Rendered in isolated fixture; see input/tab checks and focused outcomes
artist-settings-business,artist,/settings?section=business,submit,Save business details,,False,Rendered in isolated fixture; see input/tab checks and focused outcomes
artist-settings-business,artist,/settings?section=business,A,Today,/dashboard,False,Rendered in isolated fixture; see input/tab checks and focused outcomes
artist-settings-business,artist,/settings?section=business,A,"2
Messages",/conversations,False,Rendered in isolated fixture; see input/tab checks and focused outcomes
artist-settings-business,artist,/settings?section=business,A,Calendar,/calendar,False,Rendered in isolated fixture; see input/tab checks and focused outcomes
artist-settings-business,artist,/settings?section=business,A,Profile,/artist-profile,False,Rendered in isolated fixture; see input/tab checks and focused outcomes
artist-settings-booking-link,artist,/settings?section=booking-link,A,Back,/settings,False,Rendered in isolated fixture; see input/tab checks and focused outcomes
artist-settings-booking-link,artist,/settings?section=booking-link,A,Your business,/business,False,Rendered in isolated fixture; see input/tab checks and focused outcomes
artist-settings-booking-link,artist,/settings?section=booking-link,INPUT,Link name,,False,Rendered in isolated fixture; see input/tab checks and focused outcomes
artist-settings-booking-link,artist,/settings?section=booking-link,submit,Save booking link,,True,Rendered in isolated fixture; see input/tab checks and focused outcomes
artist-settings-booking-link,artist,/settings?section=booking-link,A,Today,/dashboard,False,Rendered in isolated fixture; see input/tab checks and focused outcomes
artist-settings-booking-link,artist,/settings?section=booking-link,A,"2
Messages",/conversations,False,Rendered in isolated fixture; see input/tab checks and focused outcomes
artist-settings-booking-link,artist,/settings?section=booking-link,A,Calendar,/calendar,False,Rendered in isolated fixture; see input/tab checks and focused outcomes
artist-settings-booking-link,artist,/settings?section=booking-link,A,Profile,/artist-profile,False,Rendered in isolated fixture; see input/tab checks and focused outcomes
artist-settings-regulation,artist,/settings?section=regulation,A,Back,/settings,False,Rendered in isolated fixture; see input/tab checks and focused outcomes
artist-settings-regulation,artist,/settings?section=regulation,A,Your business,/business,False,Rendered in isolated fixture; see input/tab checks and focused outcomes
artist-settings-regulation,artist,/settings?section=regulation,tab,Procedure log,,False,Rendered in isolated fixture; see input/tab checks and focused outcomes
artist-settings-regulation,artist,/settings?section=regulation,tab,Medical,,False,Rendered in isolated fixture; see input/tab checks and focused outcomes
artist-settings-regulation,artist,/settings?section=regulation,tab,Consent,,False,Rendered in isolated fixture; see input/tab checks and focused outcomes
artist-settings-regulation,artist,/settings?section=regulation,search,Search procedure records,,False,Rendered in isolated fixture; see input/tab checks and focused outcomes
artist-settings-regulation,artist,/settings?section=regulation,A,Today,/dashboard,False,Rendered in isolated fixture; see input/tab checks and focused outcomes
artist-settings-regulation,artist,/settings?section=regulation,A,"2
Messages",/conversations,False,Rendered in isolated fixture; see input/tab checks and focused outcomes
artist-settings-regulation,artist,/settings?section=regulation,A,Calendar,/calendar,False,Rendered in isolated fixture; see input/tab checks and focused outcomes
artist-settings-regulation,artist,/settings?section=regulation,A,Profile,/artist-profile,False,Rendered in isolated fixture; see input/tab checks and focused outcomes
artist-settings-travel,artist,/settings?section=travel,A,Back,/settings,False,Rendered in isolated fixture; see input/tab checks and focused outcomes
artist-settings-travel,artist,/settings?section=travel,A,Your business,/business,False,Rendered in isolated fixture; see input/tab checks and focused outcomes
artist-settings-travel,artist,/settings?section=travel,A,Manage working hours,/work-hours,False,Rendered in isolated fixture; see input/tab checks and focused outcomes
artist-settings-travel,artist,/settings?section=travel,button,Add trip,,False,Rendered in isolated fixture; see input/tab checks and focused outcomes
artist-settings-travel,artist,/settings?section=travel,A,Today,/dashboard,False,Rendered in isolated fixture; see input/tab checks and focused outcomes
artist-settings-travel,artist,/settings?section=travel,A,"2
Messages",/conversations,False,Rendered in isolated fixture; see input/tab checks and focused outcomes
artist-settings-travel,artist,/settings?section=travel,A,Calendar,/calendar,False,Rendered in isolated fixture; see input/tab checks and focused outcomes
artist-settings-travel,artist,/settings?section=travel,A,Profile,/artist-profile,False,Rendered in isolated fixture; see input/tab checks and focused outcomes
artist-settings-data-import,artist,/settings?section=data-import,A,Back,/settings,False,Rendered in isolated fixture; see input/tab checks and focused outcomes
artist-settings-data-import,artist,/settings?section=data-import,A,Your business,/business,False,Rendered in isolated fixture; see input/tab checks and focused outcomes
artist-settings-data-import,artist,/settings?section=data-import,SELECT,What are you importing?,,False,Rendered in isolated fixture; see input/tab checks and focused outcomes
artist-settings-data-import,artist,/settings?section=data-import,file,"CSV file
Up to 500 rows and 5 MB.",,False,Rendered in isolated fixture; see input/tab checks and focused outcomes
artist-settings-data-import,artist,/settings?section=data-import,url,Calendar feed URL,,False,Rendered in isolated fixture; see input/tab checks and focused outcomes
artist-settings-data-import,artist,/settings?section=data-import,submit,Save calendar link,,True,Rendered in isolated fixture; see input/tab checks and focused outcomes
artist-settings-data-import,artist,/settings?section=data-import,A,Today,/dashboard,False,Rendered in isolated fixture; see input/tab checks and focused outcomes
artist-settings-data-import,artist,/settings?section=data-import,A,"2
Messages",/conversations,False,Rendered in isolated fixture; see input/tab checks and focused outcomes
artist-settings-data-import,artist,/settings?section=data-import,A,Calendar,/calendar,False,Rendered in isolated fixture; see input/tab checks and focused outcomes
artist-settings-data-import,artist,/settings?section=data-import,A,Profile,/artist-profile,False,Rendered in isolated fixture; see input/tab checks and focused outcomes
artist-settings-instagram,artist,/settings?section=instagram,A,Back,/settings,False,Rendered in isolated fixture; see input/tab checks and focused outcomes
artist-settings-instagram,artist,/settings?section=instagram,A,Your business,/business,False,Rendered in isolated fixture; see input/tab checks and focused outcomes
artist-settings-instagram,artist,/settings?section=instagram,A,Open your portfolio,/artist-profile?view=Portfolio,False,Rendered in isolated fixture; see input/tab checks and focused outcomes
artist-settings-instagram,artist,/settings?section=instagram,INPUT,Instagram username,,False,Rendered in isolated fixture; see input/tab checks and focused outcomes
artist-settings-instagram,artist,/settings?section=instagram,submit,Check account,,True,Rendered in isolated fixture; see input/tab checks and focused outcomes
artist-settings-instagram,artist,/settings?section=instagram,A,Today,/dashboard,False,Rendered in isolated fixture; see input/tab checks and focused outcomes
artist-settings-instagram,artist,/settings?section=instagram,A,"2
Messages",/conversations,False,Rendered in isolated fixture; see input/tab checks and focused outcomes
artist-settings-instagram,artist,/settings?section=instagram,A,Calendar,/calendar,False,Rendered in isolated fixture; see input/tab checks and focused outcomes
artist-settings-instagram,artist,/settings?section=instagram,A,Profile,/artist-profile,False,Rendered in isolated fixture; see input/tab checks and focused outcomes
artist-settings-consultations,artist,/settings?section=consultations,A,Back,/settings,False,Rendered in isolated fixture; see input/tab checks and focused outcomes
artist-settings-consultations,artist,/settings?section=consultations,A,Your business,/business,False,Rendered in isolated fixture; see input/tab checks and focused outcomes
artist-settings-consultations,artist,/settings?section=consultations,A,Today,/dashboard,False,Rendered in isolated fixture; see input/tab checks and focused outcomes
artist-settings-consultations,artist,/settings?section=consultations,A,"2
Messages",/conversations,False,Rendered in isolated fixture; see input/tab checks and focused outcomes
artist-settings-consultations,artist,/settings?section=consultations,A,Calendar,/calendar,False,Rendered in isolated fixture; see input/tab checks and focused outcomes
artist-settings-consultations,artist,/settings?section=consultations,A,Profile,/artist-profile,False,Rendered in isolated fixture; see input/tab checks and focused outcomes
merchant-supplier-home,merchant,/dashboard,A,tattoi,/dashboard,False,Rendered in isolated fixture; see input/tab checks and focused outcomes
merchant-supplier-home,merchant,/dashboard,A,Store settings,/settings,False,Rendered in isolated fixture; see input/tab checks and focused outcomes
merchant-supplier-home,merchant,/dashboard,A,"2 orders to fulfil
Paid orders ready for their next step",/merchant/orders,False,Rendered in isolated fixture; see input/tab checks and focused outcomes
merchant-supplier-home,merchant,/dashboard,A,"3 products running low
Check availability and stock levels",/merchant/products,False,Rendered in isolated fixture; see input/tab checks and focused outcomes
merchant-supplier-home,merchant,/dashboard,A,"Catalogue & stock
Manage products available to artists",/merchant/products,False,Rendered in isolated fixture; see input/tab checks and focused outcomes
merchant-supplier-home,merchant,/dashboard,A,"Shopify connection
Import and review your catalogue",/settings,False,Rendered in isolated fixture; see input/tab checks and focused outcomes
merchant-supplier-home,merchant,/dashboard,A,"Artist conversations
Help customers with their orders",/conversations,False,Rendered in isolated fixture; see input/tab checks and focused outcomes
merchant-supplier-home,merchant,/dashboard,button,Connect Stripe,,False,Rendered in isolated fixture; see input/tab checks and focused outcomes
merchant-supplier-home,merchant,/dashboard,button,Check payment status,,False,Rendered in isolated fixture; see input/tab checks and focused outcomes
merchant-supplier-home,merchant,/dashboard,A,"Store settings
Business details, account and integrations",/settings,False,Rendered in isolated fixture; see input/tab checks and focused outcomes
merchant-supplier-home,merchant,/dashboard,A,Home,/dashboard,False,Rendered in isolated fixture; see input/tab checks and focused outcomes
merchant-supplier-home,merchant,/dashboard,A,Orders,/merchant/orders,False,Rendered in isolated fixture; see input/tab checks and focused outcomes
merchant-supplier-home,merchant,/dashboard,A,Products,/merchant/products,False,Rendered in isolated fixture; see input/tab checks and focused outcomes
merchant-supplier-home,merchant,/dashboard,A,"2
Messages",/conversations,False,Rendered in isolated fixture; see input/tab checks and focused outcomes
merchant-supplier-orders,merchant,/merchant/orders,A,tattoi,/dashboard,False,Rendered in isolated fixture; see input/tab checks and focused outcomes
merchant-supplier-orders,merchant,/merchant/orders,A,Store settings,/settings,False,Rendered in isolated fixture; see input/tab checks and focused outcomes
merchant-supplier-orders,merchant,/merchant/orders,tab,To fulfil,,False,Rendered in isolated fixture; see input/tab checks and focused outcomes
merchant-supplier-orders,merchant,/merchant/orders,tab,Fulfilled,,False,Rendered in isolated fixture; see input/tab checks and focused outcomes
merchant-supplier-orders,merchant,/merchant/orders,tab,All,,False,Rendered in isolated fixture; see input/tab checks and focused outcomes
merchant-supplier-orders,merchant,/merchant/orders,search,Search orders,,False,Rendered in isolated fixture; see input/tab checks and focused outcomes
merchant-supplier-orders,merchant,/merchant/orders,button,"Order #1
Ella Morgan · $32.00
Paid in full",,False,Rendered in isolated fixture; see input/tab checks and focused outcomes
merchant-supplier-orders,merchant,/merchant/orders,A,Home,/dashboard,False,Rendered in isolated fixture; see input/tab checks and focused outcomes
merchant-supplier-orders,merchant,/merchant/orders,A,Orders,/merchant/orders,False,Rendered in isolated fixture; see input/tab checks and focused outcomes
merchant-supplier-orders,merchant,/merchant/orders,A,Products,/merchant/products,False,Rendered in isolated fixture; see input/tab checks and focused outcomes
merchant-supplier-orders,merchant,/merchant/orders,A,"2
Messages",/conversations,False,Rendered in isolated fixture; see input/tab checks and focused outcomes
merchant-store-settings,merchant,/settings,A,tattoi,/dashboard,False,Rendered in isolated fixture; see input/tab checks and focused outcomes
merchant-store-settings,merchant,/settings,A,Store settings,/settings,False,Rendered in isolated fixture; see input/tab checks and focused outcomes
merchant-store-settings,merchant,/settings,text,Business name,,False,Rendered in isolated fixture; see input/tab checks and focused outcomes
merchant-store-settings,merchant,/settings,text,Contact name,,False,Rendered in isolated fixture; see input/tab checks and focused outcomes
merchant-store-settings,merchant,/settings,tel,Phone,,False,Rendered in isolated fixture; see input/tab checks and focused outcomes
merchant-store-settings,merchant,/settings,text,Business address,,False,Rendered in isolated fixture; see input/tab checks and focused outcomes
merchant-store-settings,merchant,/settings,submit,Save business details,,False,Rendered in isolated fixture; see input/tab checks and focused outcomes
merchant-store-settings,merchant,/settings,button,Connect Stripe,,False,Rendered in isolated fixture; see input/tab checks and focused outcomes
merchant-store-settings,merchant,/settings,button,Check payment status,,False,Rendered in isolated fixture; see input/tab checks and focused outcomes
merchant-store-settings,merchant,/settings,INPUT,Store domain,,False,Rendered in isolated fixture; see input/tab checks and focused outcomes
merchant-store-settings,merchant,/settings,password,Admin API token,,False,Rendered in isolated fixture; see input/tab checks and focused outcomes
merchant-store-settings,merchant,/settings,submit,Verify and save,,False,Rendered in isolated fixture; see input/tab checks and focused outcomes
merchant-store-settings,merchant,/settings,A,"Account, notifications & sign out",/account-settings,False,Rendered in isolated fixture; see input/tab checks and focused outcomes
merchant-store-settings,merchant,/settings,A,Home,/dashboard,False,Rendered in isolated fixture; see input/tab checks and focused outcomes
merchant-store-settings,merchant,/settings,A,Orders,/merchant/orders,False,Rendered in isolated fixture; see input/tab checks and focused outcomes
merchant-store-settings,merchant,/settings,A,Products,/merchant/products,False,Rendered in isolated fixture; see input/tab checks and focused outcomes
merchant-store-settings,merchant,/settings,A,"2
Messages",/conversations,False,Rendered in isolated fixture; see input/tab checks and focused outcomes
merchant-supplier-products,merchant,/merchant/products,A,tattoi,/dashboard,False,Rendered in isolated fixture; see input/tab checks and focused outcomes
merchant-supplier-products,merchant,/merchant/products,button,Add product,,False,Rendered in isolated fixture; see input/tab checks and focused outcomes
merchant-supplier-products,merchant,/merchant/products,A,Review Shopify connection,/settings,False,Rendered in isolated fixture; see input/tab checks and focused outcomes
merchant-supplier-products,merchant,/merchant/products,search,Search products,,False,Rendered in isolated fixture; see input/tab checks and focused outcomes
merchant-supplier-products,merchant,/merchant/products,SUMMARY,View 1 variants,,False,Rendered in isolated fixture; see input/tab checks and focused outcomes
merchant-supplier-products,merchant,/merchant/products,button,Edit Cartridge needles,,False,Rendered in isolated fixture; see input/tab checks and focused outcomes
merchant-supplier-products,merchant,/merchant/products,A,Home,/dashboard,False,Rendered in isolated fixture; see input/tab checks and focused outcomes
merchant-supplier-products,merchant,/merchant/products,A,Orders,/merchant/orders,False,Rendered in isolated fixture; see input/tab checks and focused outcomes
merchant-supplier-products,merchant,/merchant/products,A,Products,/merchant/products,False,Rendered in isolated fixture; see input/tab checks and focused outcomes
merchant-supplier-products,merchant,/merchant/products,A,"2
Messages",/conversations,False,Rendered in isolated fixture; see input/tab checks and focused outcomes
merchant-supplier-inbox,merchant,/conversations,A,tattoi,/dashboard,False,Rendered in isolated fixture; see input/tab checks and focused outcomes
merchant-supplier-inbox,merchant,/conversations,A,Store settings,/settings,False,Rendered in isolated fixture; see input/tab checks and focused outcomes
merchant-supplier-inbox,merchant,/conversations,search,Search conversations,,False,Rendered in isolated fixture; see input/tab checks and focused outcomes
merchant-supplier-inbox,merchant,/conversations,A,"MC
Mia Chen
I love the peonies. Could we leave room to extend it later?
2",/chat/12,False,Rendered in isolated fixture; see input/tab checks and focused outcomes
merchant-supplier-inbox,merchant,/conversations,A,Home,/dashboard,False,Rendered in isolated fixture; see input/tab checks and focused outcomes
merchant-supplier-inbox,merchant,/conversations,A,Orders,/merchant/orders,False,Rendered in isolated fixture; see input/tab checks and focused outcomes
merchant-supplier-inbox,merchant,/conversations,A,Products,/merchant/products,False,Rendered in isolated fixture; see input/tab checks and focused outcomes
merchant-supplier-inbox,merchant,/conversations,A,"2
Messages",/conversations,False,Rendered in isolated fixture; see input/tab checks and focused outcomes
merchant-supplier-purchases,merchant,/purchases,A,Back,/settings,False,Rendered in isolated fixture; see input/tab checks and focused outcomes
merchant-supplier-purchases,merchant,/purchases,A,Store settings,/settings,False,Rendered in isolated fixture; see input/tab checks and focused outcomes
merchant-supplier-purchases,merchant,/purchases,search,Search purchases,,False,Rendered in isolated fixture; see input/tab checks and focused outcomes
merchant-supplier-purchases,merchant,/purchases,A,Home,/dashboard,False,Rendered in isolated fixture; see input/tab checks and focused outcomes
merchant-supplier-purchases,merchant,/purchases,A,Orders,/merchant/orders,False,Rendered in isolated fixture; see input/tab checks and focused outcomes
merchant-supplier-purchases,merchant,/purchases,A,Products,/merchant/products,False,Rendered in isolated fixture; see input/tab checks and focused outcomes
merchant-supplier-purchases,merchant,/purchases,A,"2
Messages",/conversations,False,Rendered in isolated fixture; see input/tab checks and focused outcomes
merchant-supplier-conversation,merchant,/chat/12,A,All conversations,/conversations,False,Rendered in isolated fixture; see input/tab checks and focused outcomes
merchant-supplier-conversation,merchant,/chat/12,button,Attach photo,,False,Rendered in isolated fixture; see input/tab checks and focused outcomes
merchant-supplier-conversation,merchant,/chat/12,TEXTAREA,Message,,False,Rendered in isolated fixture; see input/tab checks and focused outcomes
merchant-supplier-conversation,merchant,/chat/12,submit,Send message,,True,Rendered in isolated fixture; see input/tab checks and focused outcomes
admin-operations,admin,/admin/operations,A,Back,/business,False,Rendered in isolated fixture; see input/tab checks and focused outcomes
admin-operations,admin,/admin/operations,A,Your business,/business,False,Rendered in isolated fixture; see input/tab checks and focused outcomes
admin-operations,admin,/admin/operations,button,Refresh,,False,Rendered in isolated fixture; see input/tab checks and focused outcomes
admin-operations,admin,/admin/operations,A,Error reports,/admin/errors,False,Rendered in isolated fixture; see input/tab checks and focused outcomes
admin-operations,admin,/admin/operations,A,Today,/dashboard,False,Rendered in isolated fixture; see input/tab checks and focused outcomes
admin-operations,admin,/admin/operations,A,"2
Messages",/conversations,False,Rendered in isolated fixture; see input/tab checks and focused outcomes
admin-operations,admin,/admin/operations,A,Calendar,/calendar,False,Rendered in isolated fixture; see input/tab checks and focused outcomes
admin-operations,admin,/admin/operations,A,Profile,/artist-profile,False,Rendered in isolated fixture; see input/tab checks and focused outcomes
client-not-found,client,/not/a/route,A,tattoi,/bookings,False,Rendered in isolated fixture; see input/tab checks and focused outcomes
client-not-found,client,/not/a/route,A,Your profile,/profile,False,Rendered in isolated fixture; see input/tab checks and focused outcomes
client-not-found,client,/not/a/route,A,Return to your home,/,False,Rendered in isolated fixture; see input/tab checks and focused outcomes
client-not-found,client,/not/a/route,A,Discover,/discover,False,Rendered in isolated fixture; see input/tab checks and focused outcomes
client-not-found,client,/not/a/route,A,"2
Messages",/conversations,False,Rendered in isolated fixture; see input/tab checks and focused outcomes
client-not-found,client,/not/a/route,A,Bookings,/bookings,False,Rendered in isolated fixture; see input/tab checks and focused outcomes
client-not-found,client,/not/a/route,A,Profile,/profile,False,Rendered in isolated fixture; see input/tab checks and focused outcomes
flow-booking-client,artist,/calendar,search,Search your clients,,False,Rendered in isolated fixture; see input/tab checks and focused outcomes
flow-booking-client,artist,/calendar,button,Mia Chen,,False,Rendered in isolated fixture; see input/tab checks and focused outcomes
flow-booking-client,artist,/calendar,button,Close,,False,Rendered in isolated fixture; see input/tab checks and focused outcomes
admin-error-reports,admin,/admin/errors,A,Back,/admin/operations,False,Rendered in isolated fixture; see input/tab checks and focused outcomes
admin-error-reports,admin,/admin/errors,A,Your business,/business,False,Rendered in isolated fixture; see input/tab checks and focused outcomes
admin-error-reports,admin,/admin/errors,tab,Unresolved,,False,Rendered in isolated fixture; see input/tab checks and focused outcomes
admin-error-reports,admin,/admin/errors,tab,Resolved,,False,Rendered in isolated fixture; see input/tab checks and focused outcomes
admin-error-reports,admin,/admin/errors,tab,All,,False,Rendered in isolated fixture; see input/tab checks and focused outcomes
admin-error-reports,admin,/admin/errors,button,Previous,,True,Rendered in isolated fixture; see input/tab checks and focused outcomes
admin-error-reports,admin,/admin/errors,button,Next,,True,Rendered in isolated fixture; see input/tab checks and focused outcomes
admin-error-reports,admin,/admin/errors,button,Clear resolved reports older than 30 days,,False,Rendered in isolated fixture; see input/tab checks and focused outcomes
admin-error-reports,admin,/admin/errors,button,Clear all resolved reports,,False,Rendered in isolated fixture; see input/tab checks and focused outcomes
admin-error-reports,admin,/admin/errors,A,Today,/dashboard,False,Rendered in isolated fixture; see input/tab checks and focused outcomes
admin-error-reports,admin,/admin/errors,A,"2
Messages",/conversations,False,Rendered in isolated fixture; see input/tab checks and focused outcomes
admin-error-reports,admin,/admin/errors,A,Calendar,/calendar,False,Rendered in isolated fixture; see input/tab checks and focused outcomes
admin-error-reports,admin,/admin/errors,A,Profile,/artist-profile,False,Rendered in isolated fixture; see input/tab checks and focused outcomes
flow-booking-service,artist,/calendar,button,"Full day
1 sitting · 180 minutes per sitting
$600.00",,False,Rendered in isolated fixture; see input/tab checks and focused outcomes
flow-booking-service,artist,/calendar,button,"Botanical sleeve
3 sittings · 180 minutes per sitting
$600.00",,False,Rendered in isolated fixture; see input/tab checks and focused outcomes
flow-booking-service,artist,/calendar,button,Back to clients,,False,Rendered in isolated fixture; see input/tab checks and focused outcomes
flow-booking-service,artist,/calendar,button,Close,,False,Rendered in isolated fixture; see input/tab checks and focused outcomes
flow-booking-review,artist,/calendar,button,Send proposal,,False,Rendered in isolated fixture; see input/tab checks and focused outcomes
flow-booking-review,artist,/calendar,button,Edit details,,False,Rendered in isolated fixture; see input/tab checks and focused outcomes
flow-booking-review,artist,/calendar,button,Close,,False,Rendered in isolated fixture; see input/tab checks and focused outcomes
flow-booking-frequency,artist,/calendar,BUTTON,Consecutive working days,,False,Rendered in isolated fixture; see input/tab checks and focused outcomes
flow-booking-frequency,artist,/calendar,BUTTON,Weekly,,False,Rendered in isolated fixture; see input/tab checks and focused outcomes
flow-booking-frequency,artist,/calendar,BUTTON,Every two weeks,,False,Rendered in isolated fixture; see input/tab checks and focused outcomes
flow-booking-frequency,artist,/calendar,BUTTON,Monthly,,False,Rendered in isolated fixture; see input/tab checks and focused outcomes
flow-booking-frequency,artist,/calendar,date,Start looking from,,False,Rendered in isolated fixture; see input/tab checks and focused outcomes
flow-booking-frequency,artist,/calendar,button,Find available dates,,False,Rendered in isolated fixture; see input/tab checks and focused outcomes
flow-booking-frequency,artist,/calendar,button,Choose dates myself,,False,Rendered in isolated fixture; see input/tab checks and focused outcomes
flow-booking-frequency,artist,/calendar,button,Back to services,,False,Rendered in isolated fixture; see input/tab checks and focused outcomes
flow-booking-frequency,artist,/calendar,button,Close,,False,Rendered in isolated fixture; see input/tab checks and focused outcomes
flow-new-client,artist,/clients,INPUT,Full name,,False,Rendered in isolated fixture; see input/tab checks and focused outcomes
flow-new-client,artist,/clients,email,Email (optional),,False,Rendered in isolated fixture; see input/tab checks and focused outcomes
flow-new-client,artist,/clients,tel,Phone (optional),,False,Rendered in isolated fixture; see input/tab checks and focused outcomes
flow-new-client,artist,/clients,submit,Add client,,True,Rendered in isolated fixture; see input/tab checks and focused outcomes
flow-new-client,artist,/clients,button,Close,,False,Rendered in isolated fixture; see input/tab checks and focused outcomes
flow-booking-single,artist,/calendar,button,"Full day
Mia Chen",,False,Rendered in isolated fixture; see input/tab checks and focused outcomes
flow-booking-single,artist,/calendar,button,Find dates automatically,,False,Rendered in isolated fixture; see input/tab checks and focused outcomes
flow-booking-single,artist,/calendar,date,Date,,False,Rendered in isolated fixture; see input/tab checks and focused outcomes
flow-booking-single,artist,/calendar,time,Time,,False,Rendered in isolated fixture; see input/tab checks and focused outcomes
flow-booking-single,artist,/calendar,number,Duration in minutes,,False,Rendered in isolated fixture; see input/tab checks and focused outcomes
flow-booking-single,artist,/calendar,number,Session price · AUD,,False,Rendered in isolated fixture; see input/tab checks and focused outcomes
flow-booking-single,artist,/calendar,number,Deposit · AUD,,False,Rendered in isolated fixture; see input/tab checks and focused outcomes
flow-booking-single,artist,/calendar,button,Add another session,,False,Rendered in isolated fixture; see input/tab checks and focused outcomes
flow-booking-single,artist,/calendar,submit,Review proposal,,False,Rendered in isolated fixture; see input/tab checks and focused outcomes
flow-booking-single,artist,/calendar,button,Close,,False,Rendered in isolated fixture; see input/tab checks and focused outcomes
flow-client-detail,artist,/clients,A,tattoi,/dashboard,False,Rendered in isolated fixture; see input/tab checks and focused outcomes
flow-client-detail,artist,/clients,button,Add client,,False,Rendered in isolated fixture; see input/tab checks and focused outcomes
flow-client-detail,artist,/clients,A,Today,/dashboard,False,Rendered in isolated fixture; see input/tab checks and focused outcomes
flow-client-detail,artist,/clients,A,Clients,/clients,False,Rendered in isolated fixture; see input/tab checks and focused outcomes
flow-client-detail,artist,/clients,A,Supplies,/supplies,False,Rendered in isolated fixture; see input/tab checks and focused outcomes
flow-client-detail,artist,/clients,button,Back to all clients,,False,Rendered in isolated fixture; see input/tab checks and focused outcomes
flow-client-detail,artist,/clients,A,mia@example.test,mailto:mia@example.test,False,Rendered in isolated fixture; see input/tab checks and focused outcomes
flow-client-detail,artist,/clients,A,0400000000,tel:0400000000,False,Rendered in isolated fixture; see input/tab checks and focused outcomes
flow-client-detail,artist,/clients,A,Message Mia,/chat/12,False,Rendered in isolated fixture; see input/tab checks and focused outcomes
flow-client-detail,artist,/clients,tab,Bookings,,False,Rendered in isolated fixture; see input/tab checks and focused outcomes
flow-client-detail,artist,/clients,tab,Forms,,False,Rendered in isolated fixture; see input/tab checks and focused outcomes
flow-client-detail,artist,/clients,tab,Notes,,False,Rendered in isolated fixture; see input/tab checks and focused outcomes
flow-client-detail,artist,/clients,A,"Botanical sleeve
Thu, 10 Sept, 10:00 am · Confirmed
$0.00 paid",/projects/12?session=101,False,Rendered in isolated fixture; see input/tab checks and focused outcomes
flow-client-detail,artist,/clients,A,"Geometric shoulder
Thu, 10 Sept, 2:00 pm · Confirmed
$0.00 paid",/projects/12?session=102,False,Rendered in isolated fixture; see input/tab checks and focused outcomes
flow-client-detail,artist,/clients,A,Today,/dashboard,False,Rendered in isolated fixture; see input/tab checks and focused outcomes
flow-client-detail,artist,/clients,A,"2
Messages",/conversations,False,Rendered in isolated fixture; see input/tab checks and focused outcomes
flow-client-detail,artist,/clients,A,Calendar,/calendar,False,Rendered in isolated fixture; see input/tab checks and focused outcomes
flow-client-detail,artist,/clients,A,Profile,/artist-profile,False,Rendered in isolated fixture; see input/tab checks and focused outcomes
flow-client-forms,artist,/clients,A,tattoi,/dashboard,False,Rendered in isolated fixture; see input/tab checks and focused outcomes
flow-client-forms,artist,/clients,button,Add client,,False,Rendered in isolated fixture; see input/tab checks and focused outcomes
flow-client-forms,artist,/clients,A,Today,/dashboard,False,Rendered in isolated fixture; see input/tab checks and focused outcomes
flow-client-forms,artist,/clients,A,Clients,/clients,False,Rendered in isolated fixture; see input/tab checks and focused outcomes
flow-client-forms,artist,/clients,A,Supplies,/supplies,False,Rendered in isolated fixture; see input/tab checks and focused outcomes
flow-client-forms,artist,/clients,button,Back to all clients,,False,Rendered in isolated fixture; see input/tab checks and focused outcomes
flow-client-forms,artist,/clients,A,mia@example.test,mailto:mia@example.test,False,Rendered in isolated fixture; see input/tab checks and focused outcomes
flow-client-forms,artist,/clients,A,0400000000,tel:0400000000,False,Rendered in isolated fixture; see input/tab checks and focused outcomes
flow-client-forms,artist,/clients,A,Message Mia,/chat/12,False,Rendered in isolated fixture; see input/tab checks and focused outcomes
flow-client-forms,artist,/clients,tab,Bookings,,False,Rendered in isolated fixture; see input/tab checks and focused outcomes
flow-client-forms,artist,/clients,tab,Forms,,False,Rendered in isolated fixture; see input/tab checks and focused outcomes
flow-client-forms,artist,/clients,tab,Notes,,False,Rendered in isolated fixture; see input/tab checks and focused outcomes
flow-client-forms,artist,/clients,A,Today,/dashboard,False,Rendered in isolated fixture; see input/tab checks and focused outcomes
flow-client-forms,artist,/clients,A,"2
Messages",/conversations,False,Rendered in isolated fixture; see input/tab checks and focused outcomes
flow-client-forms,artist,/clients,A,Calendar,/calendar,False,Rendered in isolated fixture; see input/tab checks and focused outcomes
flow-client-forms,artist,/clients,A,Profile,/artist-profile,False,Rendered in isolated fixture; see input/tab checks and focused outcomes
flow-private-notes,artist,/chat/12,A,All conversations,/conversations,False,Rendered in isolated fixture; see input/tab checks and focused outcomes
flow-private-notes,artist,/chat/12,A,Open booking,/projects/12,False,Rendered in isolated fixture; see input/tab checks and focused outcomes
flow-private-notes,artist,/chat/12,button,Book,,False,Rendered in isolated fixture; see input/tab checks and focused outcomes
flow-private-notes,artist,/chat/12,button,Client details and media,,False,Rendered in isolated fixture; see input/tab checks and focused outcomes
flow-private-notes,artist,/chat/12,BUTTON,"Design brief
⌄",,False,Rendered in isolated fixture; see input/tab checks and focused outcomes
flow-private-notes,artist,/chat/12,button,Refresh design brief,,False,Rendered in isolated fixture; see input/tab checks and focused outcomes
flow-private-notes,artist,/chat/12,SUMMARY,Client records & private notes,,False,Rendered in isolated fixture; see input/tab checks and focused outcomes
flow-private-notes,artist,/chat/12,TEXTAREA,New note,,False,Rendered in isolated fixture; see input/tab checks and focused outcomes
flow-private-notes,artist,/chat/12,submit,Save note,,True,Rendered in isolated fixture; see input/tab checks and focused outcomes
flow-private-notes,artist,/chat/12,button,Attach photo,,False,Rendered in isolated fixture; see input/tab checks and focused outcomes
flow-private-notes,artist,/chat/12,TEXTAREA,Message,,False,Rendered in isolated fixture; see input/tab checks and focused outcomes
flow-private-notes,artist,/chat/12,submit,Send message,,True,Rendered in isolated fixture; see input/tab checks and focused outcomes
flow-client-notes,artist,/clients,A,tattoi,/dashboard,False,Rendered in isolated fixture; see input/tab checks and focused outcomes
flow-client-notes,artist,/clients,button,Add client,,False,Rendered in isolated fixture; see input/tab checks and focused outcomes
flow-client-notes,artist,/clients,A,Today,/dashboard,False,Rendered in isolated fixture; see input/tab checks and focused outcomes
flow-client-notes,artist,/clients,A,Clients,/clients,False,Rendered in isolated fixture; see input/tab checks and focused outcomes
flow-client-notes,artist,/clients,A,Supplies,/supplies,False,Rendered in isolated fixture; see input/tab checks and focused outcomes
flow-client-notes,artist,/clients,button,Back to all clients,,False,Rendered in isolated fixture; see input/tab checks and focused outcomes
flow-client-notes,artist,/clients,A,mia@example.test,mailto:mia@example.test,False,Rendered in isolated fixture; see input/tab checks and focused outcomes
flow-client-notes,artist,/clients,A,0400000000,tel:0400000000,False,Rendered in isolated fixture; see input/tab checks and focused outcomes
flow-client-notes,artist,/clients,A,Message Mia,/chat/12,False,Rendered in isolated fixture; see input/tab checks and focused outcomes
flow-client-notes,artist,/clients,tab,Bookings,,False,Rendered in isolated fixture; see input/tab checks and focused outcomes
flow-client-notes,artist,/clients,tab,Forms,,False,Rendered in isolated fixture; see input/tab checks and focused outcomes
flow-client-notes,artist,/clients,tab,Notes,,False,Rendered in isolated fixture; see input/tab checks and focused outcomes
flow-client-notes,artist,/clients,TEXTAREA,Private artist note,,False,Rendered in isolated fixture; see input/tab checks and focused outcomes
flow-client-notes,artist,/clients,submit,Save note,,True,Rendered in isolated fixture; see input/tab checks and focused outcomes
flow-client-notes,artist,/clients,A,Today,/dashboard,False,Rendered in isolated fixture; see input/tab checks and focused outcomes
flow-client-notes,artist,/clients,A,"2
Messages",/conversations,False,Rendered in isolated fixture; see input/tab checks and focused outcomes
flow-client-notes,artist,/clients,A,Calendar,/calendar,False,Rendered in isolated fixture; see input/tab checks and focused outcomes
flow-client-notes,artist,/clients,A,Profile,/artist-profile,False,Rendered in isolated fixture; see input/tab checks and focused outcomes
flow-design-brief,artist,/chat/12,A,All conversations,/conversations,False,Rendered in isolated fixture; see input/tab checks and focused outcomes
flow-design-brief,artist,/chat/12,A,Open booking,/projects/12,False,Rendered in isolated fixture; see input/tab checks and focused outcomes
flow-design-brief,artist,/chat/12,button,Book,,False,Rendered in isolated fixture; see input/tab checks and focused outcomes
flow-design-brief,artist,/chat/12,button,Client details and media,,False,Rendered in isolated fixture; see input/tab checks and focused outcomes
flow-design-brief,artist,/chat/12,BUTTON,"Design brief
⌃",,False,Rendered in isolated fixture; see input/tab checks and focused outcomes
flow-design-brief,artist,/chat/12,button,Refresh design brief,,False,Rendered in isolated fixture; see input/tab checks and focused outcomes
flow-design-brief,artist,/chat/12,SUMMARY,Client records & private notes,,False,Rendered in isolated fixture; see input/tab checks and focused outcomes
flow-design-brief,artist,/chat/12,TEXTAREA,,,False,Rendered in isolated fixture; see input/tab checks and focused outcomes
flow-design-brief,artist,/chat/12,submit,,,True,Rendered in isolated fixture; see input/tab checks and focused outcomes
flow-design-brief,artist,/chat/12,button,Attach photo,,False,Rendered in isolated fixture; see input/tab checks and focused outcomes
flow-design-brief,artist,/chat/12,TEXTAREA,Message,,False,Rendered in isolated fixture; see input/tab checks and focused outcomes
flow-design-brief,artist,/chat/12,submit,Send message,,True,Rendered in isolated fixture; see input/tab checks and focused outcomes
flow-services,artist,/work-hours,A,Back,/business,False,Rendered in isolated fixture; see input/tab checks and focused outcomes
flow-services,artist,/work-hours,A,Your business,/business,False,Rendered in isolated fixture; see input/tab checks and focused outcomes
flow-services,artist,/work-hours,tab,Availability,,False,Rendered in isolated fixture; see input/tab checks and focused outcomes
flow-services,artist,/work-hours,tab,Services,,False,Rendered in isolated fixture; see input/tab checks and focused outcomes
flow-services,artist,/work-hours,button,Add service,,False,Rendered in isolated fixture; see input/tab checks and focused outcomes
flow-services,artist,/work-hours,button,"Full day
180 minutes · $600.00 · 1 session",,False,Rendered in isolated fixture; see input/tab checks and focused outcomes
flow-services,artist,/work-hours,button,"Botanical sleeve
180 minutes · $600.00 · 3 sessions",,False,Rendered in isolated fixture; see input/tab checks and focused outcomes
flow-services,artist,/work-hours,A,Today,/dashboard,False,Rendered in isolated fixture; see input/tab checks and focused outcomes
flow-services,artist,/work-hours,A,"2
Messages",/conversations,False,Rendered in isolated fixture; see input/tab checks and focused outcomes
flow-services,artist,/work-hours,A,Calendar,/calendar,False,Rendered in isolated fixture; see input/tab checks and focused outcomes
flow-services,artist,/work-hours,A,Profile,/artist-profile,False,Rendered in isolated fixture; see input/tab checks and focused outcomes
flow-service-editor,artist,/work-hours,INPUT,Service name,,False,Rendered in isolated fixture; see input/tab checks and focused outcomes
flow-service-editor,artist,/work-hours,color,Service colour,,False,Rendered in isolated fixture; see input/tab checks and focused outcomes
flow-service-editor,artist,/work-hours,TEXTAREA,Description,,False,Rendered in isolated fixture; see input/tab checks and focused outcomes
flow-service-editor,artist,/work-hours,number,Duration per session · minutes,,False,Rendered in isolated fixture; see input/tab checks and focused outcomes
flow-service-editor,artist,/work-hours,number,Price per session · AUD,,False,Rendered in isolated fixture; see input/tab checks and focused outcomes
flow-service-editor,artist,/work-hours,number,Number of sessions,,False,Rendered in isolated fixture; see input/tab checks and focused outcomes
flow-service-editor,artist,/work-hours,checkbox, Show on your booking page,,False,Rendered in isolated fixture; see input/tab checks and focused outcomes
flow-service-editor,artist,/work-hours,submit,Save service,,False,Rendered in isolated fixture; see input/tab checks and focused outcomes
flow-service-editor,artist,/work-hours,button,Close,,False,Rendered in isolated fixture; see input/tab checks and focused outcomes
flow-portfolio-upload,artist,/artist-profile?view=Portfolio,file,"Photo
One photo, up to 10 MB.",,False,Rendered in isolated fixture; see input/tab checks and focused outcomes
flow-portfolio-upload,artist,/artist-profile?view=Portfolio,TEXTAREA,Description,,False,Rendered in isolated fixture; see input/tab checks and focused outcomes
flow-portfolio-upload,artist,/artist-profile?view=Portfolio,submit,Add photo,,True,Rendered in isolated fixture; see input/tab checks and focused outcomes
flow-portfolio-upload,artist,/artist-profile?view=Portfolio,button,Close,,False,Rendered in isolated fixture; see input/tab checks and focused outcomes
flow-travel-add,artist,/settings?section=travel,INPUT,City,,False,Rendered in isolated fixture; see input/tab checks and focused outcomes
flow-travel-add,artist,/settings?section=travel,INPUT,Country,,False,Rendered in isolated fixture; see input/tab checks and focused outcomes
flow-travel-add,artist,/settings?section=travel,date,From,,False,Rendered in isolated fixture; see input/tab checks and focused outcomes
flow-travel-add,artist,/settings?section=travel,date,Until,,False,Rendered in isolated fixture; see input/tab checks and focused outcomes
flow-travel-add,artist,/settings?section=travel,submit,Save trip,,False,Rendered in isolated fixture; see input/tab checks and focused outcomes
flow-travel-add,artist,/settings?section=travel,button,Close,,False,Rendered in isolated fixture; see input/tab checks and focused outcomes
flow-studio-remove,artist,/studio?view=Team,button,Remove member,,False,Rendered in isolated fixture; see input/tab checks and focused outcomes
flow-studio-remove,artist,/studio?view=Team,button,Keep membership,,False,Rendered in isolated fixture; see input/tab checks and focused outcomes
flow-studio-remove,artist,/studio?view=Team,button,Close,,False,Rendered in isolated fixture; see input/tab checks and focused outcomes
flow-consent-template,artist,/settings?section=regulation,A,Back,/settings,False,Rendered in isolated fixture; see input/tab checks and focused outcomes
flow-consent-template,artist,/settings?section=regulation,A,Your business,/business,False,Rendered in isolated fixture; see input/tab checks and focused outcomes
flow-consent-template,artist,/settings?section=regulation,tab,Procedure log,,False,Rendered in isolated fixture; see input/tab checks and focused outcomes
flow-consent-template,artist,/settings?section=regulation,tab,Medical,,False,Rendered in isolated fixture; see input/tab checks and focused outcomes
flow-consent-template,artist,/settings?section=regulation,tab,Consent,,False,Rendered in isolated fixture; see input/tab checks and focused outcomes
flow-consent-template,artist,/settings?section=regulation,TEXTAREA,Template wording,,False,Rendered in isolated fixture; see input/tab checks and focused outcomes
flow-consent-template,artist,/settings?section=regulation,submit,Save template,,False,Rendered in isolated fixture; see input/tab checks and focused outcomes
flow-consent-template,artist,/settings?section=regulation,A,Today,/dashboard,False,Rendered in isolated fixture; see input/tab checks and focused outcomes
flow-consent-template,artist,/settings?section=regulation,A,"2
Messages",/conversations,False,Rendered in isolated fixture; see input/tab checks and focused outcomes
flow-consent-template,artist,/settings?section=regulation,A,Calendar,/calendar,False,Rendered in isolated fixture; see input/tab checks and focused outcomes
flow-consent-template,artist,/settings?section=regulation,A,Profile,/artist-profile,False,Rendered in isolated fixture; see input/tab checks and focused outcomes
flow-medical-template,artist,/settings?section=regulation,A,Back,/settings,False,Rendered in isolated fixture; see input/tab checks and focused outcomes
flow-medical-template,artist,/settings?section=regulation,A,Your business,/business,False,Rendered in isolated fixture; see input/tab checks and focused outcomes
flow-medical-template,artist,/settings?section=regulation,tab,Procedure log,,False,Rendered in isolated fixture; see input/tab checks and focused outcomes
flow-medical-template,artist,/settings?section=regulation,tab,Medical,,False,Rendered in isolated fixture; see input/tab checks and focused outcomes
flow-medical-template,artist,/settings?section=regulation,tab,Consent,,False,Rendered in isolated fixture; see input/tab checks and focused outcomes
flow-medical-template,artist,/settings?section=regulation,TEXTAREA,Template wording,,False,Rendered in isolated fixture; see input/tab checks and focused outcomes
flow-medical-template,artist,/settings?section=regulation,submit,Save template,,False,Rendered in isolated fixture; see input/tab checks and focused outcomes
flow-medical-template,artist,/settings?section=regulation,A,Today,/dashboard,False,Rendered in isolated fixture; see input/tab checks and focused outcomes
flow-medical-template,artist,/settings?section=regulation,A,"2
Messages",/conversations,False,Rendered in isolated fixture; see input/tab checks and focused outcomes
flow-medical-template,artist,/settings?section=regulation,A,Calendar,/calendar,False,Rendered in isolated fixture; see input/tab checks and focused outcomes
flow-medical-template,artist,/settings?section=regulation,A,Profile,/artist-profile,False,Rendered in isolated fixture; see input/tab checks and focused outcomes
flow-past-bookings,client,/bookings,A,tattoi,/bookings,False,Rendered in isolated fixture; see input/tab checks and focused outcomes
flow-past-bookings,client,/bookings,A,Your profile,/profile,False,Rendered in isolated fixture; see input/tab checks and focused outcomes
flow-past-bookings,client,/bookings,tab,Upcoming,,False,Rendered in isolated fixture; see input/tab checks and focused outcomes
flow-past-bookings,client,/bookings,tab,Past,,False,Rendered in isolated fixture; see input/tab checks and focused outcomes
flow-past-bookings,client,/bookings,A,Complete sitting 2 forms,/projects/12?session=101&action=forms,False,Rendered in isolated fixture; see input/tab checks and focused outcomes
flow-past-bookings,client,/bookings,A,"Sitting 2 · Confirmed
Thu, 10 Sept, 10:00 am",/projects/12?session=101,False,Rendered in isolated fixture; see input/tab checks and focused outcomes
flow-past-bookings,client,/bookings,A,Message Ella Morgan,/chat/12,False,Rendered in isolated fixture; see input/tab checks and focused outcomes
flow-past-bookings,client,/bookings,SUMMARY,More options,,False,Rendered in isolated fixture; see input/tab checks and focused outcomes
flow-past-bookings,client,/bookings,A,,/waitlist,False,Rendered in isolated fixture; see input/tab checks and focused outcomes
flow-past-bookings,client,/bookings,A,,/purchases,False,Rendered in isolated fixture; see input/tab checks and focused outcomes
flow-past-bookings,client,/bookings,A,,/discover,False,Rendered in isolated fixture; see input/tab checks and focused outcomes
flow-past-bookings,client,/bookings,A,Discover,/discover,False,Rendered in isolated fixture; see input/tab checks and focused outcomes
flow-past-bookings,client,/bookings,A,"2
Messages",/conversations,False,Rendered in isolated fixture; see input/tab checks and focused outcomes
flow-past-bookings,client,/bookings,A,Bookings,/bookings,False,Rendered in isolated fixture; see input/tab checks and focused outcomes
flow-past-bookings,client,/bookings,A,Profile,/profile,False,Rendered in isolated fixture; see input/tab checks and focused outcomes
flow-deposit-review,client,/bookings,button,Continue to secure checkout,,False,Rendered in isolated fixture; see input/tab checks and focused outcomes
flow-deposit-review,client,/bookings,button,Close,,False,Rendered in isolated fixture; see input/tab checks and focused outcomes
flow-client-consent,client,/bookings,button,Continue to signature,,False,Rendered in isolated fixture; see input/tab checks and focused outcomes
flow-client-consent,client,/bookings,button,Finish later,,False,Rendered in isolated fixture; see input/tab checks and focused outcomes
flow-client-consent,client,/bookings,button,Close,,False,Rendered in isolated fixture; see input/tab checks and focused outcomes
flow-order-detail,merchant,/merchant/orders,A,tattoi,/dashboard,False,Rendered in isolated fixture; see input/tab checks and focused outcomes
flow-order-detail,merchant,/merchant/orders,A,Store settings,/settings,False,Rendered in isolated fixture; see input/tab checks and focused outcomes
flow-order-detail,merchant,/merchant/orders,tab,To fulfil,,False,Rendered in isolated fixture; see input/tab checks and focused outcomes
flow-order-detail,merchant,/merchant/orders,tab,Fulfilled,,False,Rendered in isolated fixture; see input/tab checks and focused outcomes
flow-order-detail,merchant,/merchant/orders,tab,All,,False,Rendered in isolated fixture; see input/tab checks and focused outcomes
flow-order-detail,merchant,/merchant/orders,search,Search orders,,False,Rendered in isolated fixture; see input/tab checks and focused outcomes
flow-order-detail,merchant,/merchant/orders,button,All orders,,False,Rendered in isolated fixture; see input/tab checks and focused outcomes
flow-order-detail,merchant,/merchant/orders,button,Mark fulfilled,,False,Rendered in isolated fixture; see input/tab checks and focused outcomes
flow-order-detail,merchant,/merchant/orders,A,Home,/dashboard,False,Rendered in isolated fixture; see input/tab checks and focused outcomes
flow-order-detail,merchant,/merchant/orders,A,Orders,/merchant/orders,False,Rendered in isolated fixture; see input/tab checks and focused outcomes
flow-order-detail,merchant,/merchant/orders,A,Products,/merchant/products,False,Rendered in isolated fixture; see input/tab checks and focused outcomes
flow-order-detail,merchant,/merchant/orders,A,"2
Messages",/conversations,False,Rendered in isolated fixture; see input/tab checks and focused outcomes
flow-product-details,merchant,/merchant/products,A,tattoi,/dashboard,False,Rendered in isolated fixture; see input/tab checks and focused outcomes
flow-product-details,merchant,/merchant/products,button,Add product,,False,Rendered in isolated fixture; see input/tab checks and focused outcomes
flow-product-details,merchant,/merchant/products,A,Review Shopify connection,/settings,False,Rendered in isolated fixture; see input/tab checks and focused outcomes
flow-product-details,merchant,/merchant/products,search,Search products,,False,Rendered in isolated fixture; see input/tab checks and focused outcomes
flow-product-details,merchant,/merchant/products,SUMMARY,View 1 variants,,False,Rendered in isolated fixture; see input/tab checks and focused outcomes
flow-product-details,merchant,/merchant/products,button,Edit Cartridge needles,,False,Rendered in isolated fixture; see input/tab checks and focused outcomes
flow-product-details,merchant,/merchant/products,A,Home,/dashboard,False,Rendered in isolated fixture; see input/tab checks and focused outcomes
flow-product-details,merchant,/merchant/products,A,Orders,/merchant/orders,False,Rendered in isolated fixture; see input/tab checks and focused outcomes
flow-product-details,merchant,/merchant/products,A,Products,/merchant/products,False,Rendered in isolated fixture; see input/tab checks and focused outcomes
flow-product-details,merchant,/merchant/products,A,"2
Messages",/conversations,False,Rendered in isolated fixture; see input/tab checks and focused outcomes
flow-archive-request,artist,/lead/1,button,Archive request,,False,Rendered in isolated fixture; see input/tab checks and focused outcomes
flow-archive-request,artist,/lead/1,button,Close,,False,Rendered in isolated fixture; see input/tab checks and focused outcomes
flow-intake-placement,public,/book/ella-morgan,INPUT,Placement,,False,Rendered in isolated fixture; see input/tab checks and focused outcomes
flow-intake-placement,public,/book/ella-morgan,SELECT,Approximate size,,False,Rendered in isolated fixture; see input/tab checks and focused outcomes
flow-intake-placement,public,/book/ella-morgan,SELECT,Preferred timeframe,,False,Rendered in isolated fixture; see input/tab checks and focused outcomes
flow-intake-placement,public,/book/ella-morgan,submit,Continue,,False,Rendered in isolated fixture; see input/tab checks and focused outcomes
flow-intake-placement,public,/book/ella-morgan,button,Back,,False,Rendered in isolated fixture; see input/tab checks and focused outcomes
flow-intake-placement,public,/book/ella-morgan,button,Close,,False,Rendered in isolated fixture; see input/tab checks and focused outcomes
flow-intake-reference,public,/book/ella-morgan,file,Add inspiration,,False,Rendered in isolated fixture; see input/tab checks and focused outcomes
flow-intake-reference,public,/book/ella-morgan,submit,Continue,,False,Rendered in isolated fixture; see input/tab checks and focused outcomes
flow-intake-reference,public,/book/ella-morgan,button,Back,,False,Rendered in isolated fixture; see input/tab checks and focused outcomes
flow-intake-reference,public,/book/ella-morgan,button,Close,,False,Rendered in isolated fixture; see input/tab checks and focused outcomes
flow-intake-idea,public,/book/ella-morgan,TEXTAREA,What would you like tattooed?,,False,Rendered in isolated fixture; see input/tab checks and focused outcomes
flow-intake-idea,public,/book/ella-morgan,checkbox,Traditional,,False,Rendered in isolated fixture; see input/tab checks and focused outcomes
flow-intake-idea,public,/book/ella-morgan,checkbox,Neo-Traditional,,False,Rendered in isolated fixture; see input/tab checks and focused outcomes
flow-intake-idea,public,/book/ella-morgan,checkbox,Realism,,False,Rendered in isolated fixture; see input/tab checks and focused outcomes
flow-intake-idea,public,/book/ella-morgan,checkbox,Black & Grey,,False,Rendered in isolated fixture; see input/tab checks and focused outcomes
flow-intake-idea,public,/book/ella-morgan,checkbox,Japanese,,False,Rendered in isolated fixture; see input/tab checks and focused outcomes
flow-intake-idea,public,/book/ella-morgan,checkbox,Geometric,,False,Rendered in isolated fixture; see input/tab checks and focused outcomes
flow-intake-idea,public,/book/ella-morgan,checkbox,Watercolour,,False,Rendered in isolated fixture; see input/tab checks and focused outcomes
flow-intake-idea,public,/book/ella-morgan,checkbox,Minimalist,,False,Rendered in isolated fixture; see input/tab checks and focused outcomes
flow-intake-idea,public,/book/ella-morgan,checkbox,Dotwork,,False,Rendered in isolated fixture; see input/tab checks and focused outcomes
flow-intake-idea,public,/book/ella-morgan,checkbox,Tribal,,False,Rendered in isolated fixture; see input/tab checks and focused outcomes
flow-intake-idea,public,/book/ella-morgan,checkbox,Script/Lettering,,False,Rendered in isolated fixture; see input/tab checks and focused outcomes
flow-intake-idea,public,/book/ella-morgan,checkbox,Illustrative,,False,Rendered in isolated fixture; see input/tab checks and focused outcomes
flow-intake-idea,public,/book/ella-morgan,checkbox,Surrealism,,False,Rendered in isolated fixture; see input/tab checks and focused outcomes
flow-intake-idea,public,/book/ella-morgan,checkbox,Trash Polka,,False,Rendered in isolated fixture; see input/tab checks and focused outcomes
flow-intake-idea,public,/book/ella-morgan,checkbox,Fine Line,,False,Rendered in isolated fixture; see input/tab checks and focused outcomes
flow-intake-idea,public,/book/ella-morgan,checkbox,Other,,False,Rendered in isolated fixture; see input/tab checks and focused outcomes
flow-intake-idea,public,/book/ella-morgan,checkbox,Not sure yet,,False,Rendered in isolated fixture; see input/tab checks and focused outcomes
flow-intake-idea,public,/book/ella-morgan,submit,Continue,,False,Rendered in isolated fixture; see input/tab checks and focused outcomes
flow-intake-idea,public,/book/ella-morgan,button,Close,,False,Rendered in isolated fixture; see input/tab checks and focused outcomes
flow-intake-placement-photo,public,/book/ella-morgan,file,Add a photo of the area,,False,Rendered in isolated fixture; see input/tab checks and focused outcomes
flow-intake-placement-photo,public,/book/ella-morgan,submit,Continue,,False,Rendered in isolated fixture; see input/tab checks and focused outcomes
flow-intake-placement-photo,public,/book/ella-morgan,button,Back,,False,Rendered in isolated fixture; see input/tab checks and focused outcomes
flow-intake-placement-photo,public,/book/ella-morgan,button,Close,,False,Rendered in isolated fixture; see input/tab checks and focused outcomes
flow-intake-details,public,/book/ella-morgan,INPUT,First name,,False,Rendered in isolated fixture; see input/tab checks and focused outcomes
flow-intake-details,public,/book/ella-morgan,INPUT,Last name,,False,Rendered in isolated fixture; see input/tab checks and focused outcomes
flow-intake-details,public,/book/ella-morgan,email,Email,,False,Rendered in isolated fixture; see input/tab checks and focused outcomes
flow-intake-details,public,/book/ella-morgan,tel,Phone,,False,Rendered in isolated fixture; see input/tab checks and focused outcomes
flow-intake-details,public,/book/ella-morgan,date,Date of birth,,False,Rendered in isolated fixture; see input/tab checks and focused outcomes
flow-intake-details,public,/book/ella-morgan,SELECT,Gender,,False,Rendered in isolated fixture; see input/tab checks and focused outcomes
flow-intake-details,public,/book/ella-morgan,submit,Continue,,False,Rendered in isolated fixture; see input/tab checks and focused outcomes
flow-intake-details,public,/book/ella-morgan,button,Back,,False,Rendered in isolated fixture; see input/tab checks and focused outcomes
flow-intake-details,public,/book/ella-morgan,button,Close,,False,Rendered in isolated fixture; see input/tab checks and focused outcomes
flow-intake-review,public,/book/ella-morgan,submit,Send booking request,,False,Rendered in isolated fixture; see input/tab checks and focused outcomes
flow-intake-review,public,/book/ella-morgan,button,Back,,False,Rendered in isolated fixture; see input/tab checks and focused outcomes
flow-intake-review,public,/book/ella-morgan,button,Close,,False,Rendered in isolated fixture; see input/tab checks and focused outcomes
flow-notification-template,artist,/notifications-management,SELECT,Purpose,,False,Rendered in isolated fixture; see input/tab checks and focused outcomes
flow-notification-template,artist,/notifications-management,INPUT,Title,,False,Rendered in isolated fixture; see input/tab checks and focused outcomes
flow-notification-template,artist,/notifications-management,TEXTAREA,Message,,False,Rendered in isolated fixture; see input/tab checks and focused outcomes
flow-notification-template,artist,/notifications-management,INPUT,Timing note,,False,Rendered in isolated fixture; see input/tab checks and focused outcomes
flow-notification-template,artist,/notifications-management,checkbox,Enable template,,False,Rendered in isolated fixture; see input/tab checks and focused outcomes
flow-notification-template,artist,/notifications-management,submit,Save template,,False,Rendered in isolated fixture; see input/tab checks and focused outcomes
flow-notification-template,artist,/notifications-management,button,Close,,False,Rendered in isolated fixture; see input/tab checks and focused outcomes
flow-consent-signature,client,/bookings,button,Review form again,,False,Rendered in isolated fixture; see input/tab checks and focused outcomes
flow-consent-signature,client,/bookings,checkbox,I allow my artist to publish photos of this tattoo. Optional; leaving this unchecked does not affect my booking.,,False,Rendered in isolated fixture; see input/tab checks and focused outcomes
flow-consent-signature,client,/bookings,checkbox,I have read this form and my answers are accurate. I agree to sign this version.,,False,Rendered in isolated fixture; see input/tab checks and focused outcomes
flow-consent-signature,client,/bookings,button,Clear signature,,True,Rendered in isolated fixture; see input/tab checks and focused outcomes
flow-consent-signature,client,/bookings,button,Sign this form,,True,Rendered in isolated fixture; see input/tab checks and focused outcomes
flow-consent-signature,client,/bookings,button,Close,,False,Rendered in isolated fixture; see input/tab checks and focused outcomes
flow-refund-review,artist,/payout-history,checkbox,I’ve checked the amount and want to issue this refund.,,False,Rendered in isolated fixture; see input/tab checks and focused outcomes
flow-refund-review,artist,/payout-history,button,Refund $155.10,,True,Rendered in isolated fixture; see input/tab checks and focused outcomes
flow-refund-review,artist,/payout-history,button,Close,,False,Rendered in isolated fixture; see input/tab checks and focused outcomes
flow-session-reschedule,artist,/projects/12,date,New date,,False,Rendered in isolated fixture; see input/tab checks and focused outcomes
flow-session-reschedule,artist,/projects/12,time,New time,,False,Rendered in isolated fixture; see input/tab checks and focused outcomes
flow-session-reschedule,artist,/projects/12,button,Save new time,,False,Rendered in isolated fixture; see input/tab checks and focused outcomes
flow-session-reschedule,artist,/projects/12,button,Go back,,False,Rendered in isolated fixture; see input/tab checks and focused outcomes
flow-session-reschedule,artist,/projects/12,button,Close,,False,Rendered in isolated fixture; see input/tab checks and focused outcomes
flow-session-cancel,artist,/projects/12,button,Confirm cancellation,,False,Rendered in isolated fixture; see input/tab checks and focused outcomes
flow-session-cancel,artist,/projects/12,button,Go back,,False,Rendered in isolated fixture; see input/tab checks and focused outcomes
flow-session-cancel,artist,/projects/12,button,Close,,False,Rendered in isolated fixture; see input/tab checks and focused outcomes
flow-session-finish,artist,/projects/12,button,Send payment request,,False,Rendered in isolated fixture; see input/tab checks and focused outcomes
flow-session-finish,artist,/projects/12,button,Go back,,False,Rendered in isolated fixture; see input/tab checks and focused outcomes
flow-session-finish,artist,/projects/12,button,Close,,False,Rendered in isolated fixture; see input/tab checks and focused outcomes
flow-portfolio,artist,/artist-profile?view=Portfolio,A,Back,/dashboard,False,Rendered in isolated fixture; see input/tab checks and focused outcomes
flow-portfolio,artist,/artist-profile?view=Portfolio,A,Your business,/business,False,Rendered in isolated fixture; see input/tab checks and focused outcomes
flow-portfolio,artist,/artist-profile?view=Portfolio,tab,Profile,,False,Rendered in isolated fixture; see input/tab checks and focused outcomes
flow-portfolio,artist,/artist-profile?view=Portfolio,tab,Portfolio,,False,Rendered in isolated fixture; see input/tab checks and focused outcomes
flow-portfolio,artist,/artist-profile?view=Portfolio,A,Business settings & payouts,/business,False,Rendered in isolated fixture; see input/tab checks and focused outcomes
flow-portfolio,artist,/artist-profile?view=Portfolio,A,Preview booking page,/book/ella-morgan,False,Rendered in isolated fixture; see input/tab checks and focused outcomes
flow-portfolio,artist,/artist-profile?view=Portfolio,A,Share your booking link,/settings?section=booking-link,False,Rendered in isolated fixture; see input/tab checks and focused outcomes
flow-portfolio,artist,/artist-profile?view=Portfolio,A,Photo & personal details,/settings?section=profile,False,Rendered in isolated fixture; see input/tab checks and focused outcomes
flow-portfolio,artist,/artist-profile?view=Portfolio,button,Add photo,,False,Rendered in isolated fixture; see input/tab checks and focused outcomes
flow-portfolio,artist,/artist-profile?view=Portfolio,A,Instagram import,/settings?section=instagram,False,Rendered in isolated fixture; see input/tab checks and focused outcomes
flow-portfolio,artist,/artist-profile?view=Portfolio,button,View Botanical study,,False,Rendered in isolated fixture; see input/tab checks and focused outcomes
flow-portfolio,artist,/artist-profile?view=Portfolio,checkbox,Select Botanical study,,False,Rendered in isolated fixture; see input/tab checks and focused outcomes
flow-portfolio,artist,/artist-profile?view=Portfolio,A,Today,/dashboard,False,Rendered in isolated fixture; see input/tab checks and focused outcomes
flow-portfolio,artist,/artist-profile?view=Portfolio,A,"2
Messages",/conversations,False,Rendered in isolated fixture; see input/tab checks and focused outcomes
flow-portfolio,artist,/artist-profile?view=Portfolio,A,Calendar,/calendar,False,Rendered in isolated fixture; see input/tab checks and focused outcomes
flow-portfolio,artist,/artist-profile?view=Portfolio,A,Profile,/artist-profile,False,Rendered in isolated fixture; see input/tab checks and focused outcomes
flow-portfolio-view,artist,/artist-profile?view=Portfolio,button,Close,,False,Rendered in isolated fixture; see input/tab checks and focused outcomes
flow-import-mapping,artist,/settings?section=data-import,A,Back,/settings,False,Rendered in isolated fixture; see input/tab checks and focused outcomes
flow-import-mapping,artist,/settings?section=data-import,A,Your business,/business,False,Rendered in isolated fixture; see input/tab checks and focused outcomes
flow-import-mapping,artist,/settings?section=data-import,SELECT,What are you importing?,,False,Rendered in isolated fixture; see input/tab checks and focused outcomes
flow-import-mapping,artist,/settings?section=data-import,file,"CSV file
Up to 500 rows and 5 MB.",,False,Rendered in isolated fixture; see input/tab checks and focused outcomes
flow-import-mapping,artist,/settings?section=data-import,SELECT,Map Client name,,False,Rendered in isolated fixture; see input/tab checks and focused outcomes
flow-import-mapping,artist,/settings?section=data-import,SELECT,Map Email,,False,Rendered in isolated fixture; see input/tab checks and focused outcomes
flow-import-mapping,artist,/settings?section=data-import,SELECT,Map Phone,,False,Rendered in isolated fixture; see input/tab checks and focused outcomes
flow-import-mapping,artist,/settings?section=data-import,button,Review matches & duplicates,,False,Rendered in isolated fixture; see input/tab checks and focused outcomes
flow-import-mapping,artist,/settings?section=data-import,url,Calendar feed URL,,False,Rendered in isolated fixture; see input/tab checks and focused outcomes
flow-import-mapping,artist,/settings?section=data-import,submit,Save calendar link,,True,Rendered in isolated fixture; see input/tab checks and focused outcomes
flow-import-mapping,artist,/settings?section=data-import,A,Today,/dashboard,False,Rendered in isolated fixture; see input/tab checks and focused outcomes
flow-import-mapping,artist,/settings?section=data-import,A,"2
Messages",/conversations,False,Rendered in isolated fixture; see input/tab checks and focused outcomes
flow-import-mapping,artist,/settings?section=data-import,A,Calendar,/calendar,False,Rendered in isolated fixture; see input/tab checks and focused outcomes
flow-import-mapping,artist,/settings?section=data-import,A,Profile,/artist-profile,False,Rendered in isolated fixture; see input/tab checks and focused outcomes
flow-payment-confirming,public,/deposit/preview?status=success,A,tattoi,/dashboard,False,Rendered in isolated fixture; see input/tab checks and focused outcomes
flow-payment-confirming,public,/deposit/preview?status=success,A,Sign in,/login,False,Rendered in isolated fixture; see input/tab checks and focused outcomes
flow-payment-confirming,public,/deposit/preview?status=success,button,Check confirmation,,False,Rendered in isolated fixture; see input/tab checks and focused outcomes
flow-payment-confirming,public,/deposit/preview?status=success,A,Open my bookings,/bookings,False,Rendered in isolated fixture; see input/tab checks and focused outcomes
flow-balance-confirming,public,/balance/101?status=success,A,tattoi,/dashboard,False,Rendered in isolated fixture; see input/tab checks and focused outcomes
flow-balance-confirming,public,/balance/101?status=success,A,Sign in,/login,False,Rendered in isolated fixture; see input/tab checks and focused outcomes
flow-balance-confirming,public,/balance/101?status=success,button,Check confirmation,,False,Rendered in isolated fixture; see input/tab checks and focused outcomes
flow-balance-confirming,public,/balance/101?status=success,A,Open my bookings,/bookings,False,Rendered in isolated fixture; see input/tab checks and focused outcomes
flow-shop-cart,public,/shop/ella-morgan,button,Decrease Botanical art print,,False,Rendered in isolated fixture; see input/tab checks and focused outcomes
flow-shop-cart,public,/shop/ella-morgan,button,Increase Botanical art print,,False,Rendered in isolated fixture; see input/tab checks and focused outcomes
flow-shop-cart,public,/shop/ella-morgan,button,Remove,,False,Rendered in isolated fixture; see input/tab checks and focused outcomes
flow-shop-cart,public,/shop/ella-morgan,SELECT,"Delivery method
Ship to me",,False,Rendered in isolated fixture; see input/tab checks and focused outcomes
flow-shop-cart,public,/shop/ella-morgan,button,Continue to payment,,False,Rendered in isolated fixture; see input/tab checks and focused outcomes
flow-shop-cart,public,/shop/ella-morgan,button,Close,,False,Rendered in isolated fixture; see input/tab checks and focused outcomes
flow-discovery-home,client,/discover,button,Your profile,,False,Rendered in isolated fixture; see input/tab checks and focused outcomes
flow-discovery-home,client,/discover,BUTTON,Discover artists,,False,Rendered in isolated fixture; see input/tab checks and focused outcomes
flow-discovery-home,client,/discover,BUTTON,Your artists and bookings,,False,Rendered in isolated fixture; see input/tab checks and focused outcomes
flow-discovery-home,client,/discover,button,View Ella Morgan's portfolio,,False,Rendered in isolated fixture; see input/tab checks and focused outcomes
flow-discovery-home,client,/discover,button,Chat with Ella Morgan,,False,Rendered in isolated fixture; see input/tab checks and focused outcomes
flow-discovery-home,client,/discover,BUTTON,Add to favourites,,False,Rendered in isolated fixture; see input/tab checks and focused outcomes
flow-discovery-home,client,/discover,BUTTON,"See Artist Map

0 artists on the map",,False,Rendered in isolated fixture; see input/tab checks and focused outcomes
flow-discovery-home,client,/discover,BUTTON,All Artists,,False,Rendered in isolated fixture; see input/tab checks and focused outcomes
flow-discovery-home,client,/discover,BUTTON,Near Me,,False,Rendered in isolated fixture; see input/tab checks and focused outcomes
flow-discovery-home,client,/discover,BUTTON,Popular,,False,Rendered in isolated fixture; see input/tab checks and focused outcomes
flow-discovery-home,client,/discover,BUTTON,All,,False,Rendered in isolated fixture; see input/tab checks and focused outcomes
flow-discovery-home,client,/discover,BUTTON,Realism,,False,Rendered in isolated fixture; see input/tab checks and focused outcomes
flow-discovery-home,client,/discover,BUTTON,Portrait,,False,Rendered in isolated fixture; see input/tab checks and focused outcomes
flow-discovery-home,client,/discover,BUTTON,Black & Grey,,False,Rendered in isolated fixture; see input/tab checks and focused outcomes
flow-discovery-home,client,/discover,BUTTON,Colour,,False,Rendered in isolated fixture; see input/tab checks and focused outcomes
flow-discovery-home,client,/discover,BUTTON,Tāmoko,,False,Rendered in isolated fixture; see input/tab checks and focused outcomes
flow-discovery-home,client,/discover,BUTTON,Traditional,,False,Rendered in isolated fixture; see input/tab checks and focused outcomes
flow-discovery-home,client,/discover,BUTTON,Neo-Trad,,False,Rendered in isolated fixture; see input/tab checks and focused outcomes
flow-discovery-home,client,/discover,BUTTON,Geometric,,False,Rendered in isolated fixture; see input/tab checks and focused outcomes
flow-discovery-home,client,/discover,BUTTON,Watercolour,,False,Rendered in isolated fixture; see input/tab checks and focused outcomes
flow-discovery-home,client,/discover,BUTTON,Fine Line,,False,Rendered in isolated fixture; see input/tab checks and focused outcomes
flow-discovery-home,client,/discover,BUTTON,Blackwork,,False,Rendered in isolated fixture; see input/tab checks and focused outcomes
flow-discovery-home,client,/discover,BUTTON,Japanese,,False,Rendered in isolated fixture; see input/tab checks and focused outcomes
flow-discovery-home,client,/discover,INPUT,,,False,Rendered in isolated fixture; see input/tab checks and focused outcomes
flow-discovery-home,client,/discover,A,Discover,/discover,False,Rendered in isolated fixture; see input/tab checks and focused outcomes
flow-discovery-home,client,/discover,A,"2
Messages",/conversations,False,Rendered in isolated fixture; see input/tab checks and focused outcomes
flow-discovery-home,client,/discover,A,Bookings,/bookings,False,Rendered in isolated fixture; see input/tab checks and focused outcomes
flow-discovery-home,client,/discover,A,Profile,/profile,False,Rendered in isolated fixture; see input/tab checks and focused outcomes
flow-discovery-focus,client,/discover,button,Your profile,,False,Rendered in isolated fixture; see input/tab checks and focused outcomes
flow-discovery-focus,client,/discover,BUTTON,Discover artists,,False,Rendered in isolated fixture; see input/tab checks and focused outcomes
flow-discovery-focus,client,/discover,BUTTON,Your artists and bookings,,False,Rendered in isolated fixture; see input/tab checks and focused outcomes
flow-discovery-focus,client,/discover,button,View artwork by Ella Morgan,,False,Rendered in isolated fixture; see input/tab checks and focused outcomes
flow-discovery-focus,client,/discover,BUTTON,View artist,,False,Rendered in isolated fixture; see input/tab checks and focused outcomes
flow-discovery-focus,client,/discover,BUTTON,Like artwork,,False,Rendered in isolated fixture; see input/tab checks and focused outcomes
flow-discovery-focus,client,/discover,BUTTON,Share artwork,,False,Rendered in isolated fixture; see input/tab checks and focused outcomes
flow-discovery-focus,client,/discover,A,Discover,/discover,False,Rendered in isolated fixture; see input/tab checks and focused outcomes
flow-discovery-focus,client,/discover,A,"2
Messages",/conversations,False,Rendered in isolated fixture; see input/tab checks and focused outcomes
flow-discovery-focus,client,/discover,A,Bookings,/bookings,False,Rendered in isolated fixture; see input/tab checks and focused outcomes
flow-discovery-focus,client,/discover,A,Profile,/profile,False,Rendered in isolated fixture; see input/tab checks and focused outcomes
flow-event-create,artist,/artist-events,INPUT,Event name,,False,Rendered in isolated fixture; see input/tab checks and focused outcomes
flow-event-create,artist,/artist-events,TEXTAREA,Description,,False,Rendered in isolated fixture; see input/tab checks and focused outcomes
flow-event-create,artist,/artist-events,SELECT,Event format,,False,Rendered in isolated fixture; see input/tab checks and focused outcomes
flow-event-create,artist,/artist-events,datetime-local,"Date and time
Australia/Brisbane",,False,Rendered in isolated fixture; see input/tab checks and focused outcomes
flow-event-create,artist,/artist-events,text,Venue or location URL,,False,Rendered in isolated fixture; see input/tab checks and focused outcomes
flow-event-create,artist,/artist-events,number,Available places,,False,Rendered in isolated fixture; see input/tab checks and focused outcomes
flow-event-create,artist,/artist-events,number,Price per person · AUD,,False,Rendered in isolated fixture; see input/tab checks and focused outcomes
flow-event-create,artist,/artist-events,submit,Publish event,,False,Rendered in isolated fixture; see input/tab checks and focused outcomes
flow-event-create,artist,/artist-events,button,Close,,False,Rendered in isolated fixture; see input/tab checks and focused outcomes
